race_date,場,race_bango,hasso_jikoku,umaban,bamei,odds,ninki_now,p_mkt,p_mdl,ev,edge,data_poor,pick_a,pick_d,pick_e,pick_e2
2026-08-23,札幌,1,1000,6,ニシノギャルズ,19.6,7.0,0.039855074789428915,0.04605664074476359,0.9027101585973664,1.1556029185266907,False,False,False,False,False
2026-08-23,札幌,1,1000,10,ベルグランボヌール,8.2,3.0,0.09526334949668377,0.10765693707987364,0.8827868840549637,1.130098171528404,False,False,False,False,False
2026-08-23,札幌,1,1000,11,アジーザム,29.8,9.0,0.026213404895060632,0.027558080788959115,0.8212308075109817,1.0512972618124805,False,False,False,False,False
2026-08-23,札幌,1,1000,2,アッシュグレイス,55.1,11.0,0.014177122792609924,0.014678995203064999,0.8088126356888815,1.0354001596654496,False,False,False,False,False
2026-08-23,札幌,1,1000,4,ルーチェコメット,16.5,6.0,0.04734299793168526,0.049000542834777186,0.8085089567738236,1.035011405603923,False,False,False,False,False
2026-08-23,札幌,1,1000,9,ペイシャクロス,12.9,5.0,0.060554997354481145,0.06177992720328353,0.7969610609223575,1.020228385803269,False,False,False,False,False
2026-08-23,札幌,1,1000,8,ロングフルスペック,29.6,8.0,0.02639052249570293,0.026211303047511805,0.7758545702063495,0.9932089465746536,False,False,False,False,False
2026-08-23,札幌,1,1000,3,アイビーミャーオ,1.8,1.0,0.43397748104044825,0.4238261584063076,0.7628870851313537,0.976608641974226,False,False,False,False,False
2026-08-23,札幌,1,1000,12,メイショウマドンナ,5.8,2.0,0.1346826665297943,0.12973851641481102,0.7524833952059039,0.9632903754998826,False,False,False,False,False
2026-08-23,札幌,1,1000,5,シェイプオブユー,8.6,4.0,0.09083249603172172,0.08682433360826375,0.7466892690310682,0.9558730344472953,False,False,False,False,False
2026-08-23,札幌,1,1000,1,アーミル,39.7,10.0,0.019676560853219314,0.018054339405941564,0.7167572744158801,0.9175556409791839,False,False,False,False,False
2026-08-23,札幌,1,1000,7,トリアングルレディ,70.8,12.0,0.011033325789163937,0.008614225262442187,0.6098871485809069,0.7807460259083803,False,False,False,False,False
2026-08-23,札幌,2,1030,12,ムッチリスタイル,6.6,3.0,0.11951523262172432,0.1469810914837782,0.970075203792936,1.2298105292484818,True,False,False,False,False
2026-08-23,札幌,2,1030,8,サンレガート,14.3,5.0,0.05516087659464199,0.055634464978993534,0.7955728491996076,1.0085855848127971,True,False,False,False,False
2026-08-23,札幌,2,1030,5,ティアラード,2.6,1.0,0.30338482127053096,0.3004428814777172,0.7811514918420648,0.9903029433691067,True,False,False,False,False
2026-08-23,札幌,2,1030,1,デザートスピリット,3.7,2.0,0.21318933386577849,0.20952592198907347,0.7752459113595719,0.982816157777333,True,False,False,False,False
2026-08-23,札幌,2,1030,11,シークレットタワー,38.1,11.0,0.020703426123448308,0.02009215770508071,0.765511208563575,0.9704750114921661,True,False,False,False,False
2026-08-23,札幌,2,1030,2,トムクリオーザ,15.0,6.0,0.0525867023535587,0.05042877909877752,0.7564316864816628,0.9589644689968823,True,False,False,False,False
2026-08-23,札幌,2,1030,9,アルデシンザン,7.5,4.0,0.1051734047071174,0.1005249769948739,0.7539373274615542,0.9558022512897794,True,False,False,False,False
2026-08-23,札幌,2,1030,6,セールデュクール,30.1,10.0,0.026205997850610646,0.024274681993990695,0.73066792801912,0.9263025255657286,True,False,False,False,False
2026-08-23,札幌,2,1030,10,ウィルレーヴィア,29.2,9.0,0.027013716962444537,0.024673178295436797,0.7204568062267545,0.9133574002325692,True,False,False,False,False
2026-08-23,札幌,2,1030,3,リーゼントエース,24.6,8.0,0.03206506241070652,0.02910478637006075,0.7159777447034945,0.9076790806539227,True,False,False,False,False
2026-08-23,札幌,2,1030,4,シガレス,23.2,7.0,0.03400002307342158,0.02952113876153813,0.6848904192676846,0.8682681978711753,True,False,False,False,False
2026-08-23,札幌,2,1030,7,サンシルヴァリー,71.7,12.0,0.011001402166016465,0.00879594085067908,0.63066895899369,0.7995290707442642,True,False,False,False,False
2026-08-23,札幌,3,1100,4,レジオンポレール,6.1,2.0,0.13005174736955852,0.16452852311790148,1.0036239910191989,1.2651004422906587,False,False,False,False,False
2026-08-23,札幌,3,1100,11,アオイミズホ,3.9,1.0,0.2034142715267454,0.22898196866378182,0.8930296777887491,1.1256927399692047,False,False,False,False,False
2026-08-23,札幌,3,1100,5,セラサイト,9.6,5.0,0.08263704780774031,0.09149473034852525,0.8783494113458423,1.1071877901712175,False,False,False,False,False
2026-08-23,札幌,3,1100,10,エクラドット,12.2,6.0,0.06502587368477926,0.06968990130967678,0.8502167959780567,1.0717257202495571,False,False,False,False,False
2026-08-23,札幌,3,1100,6,セブンワンダーズ,20.6,10.0,0.03851046888127704,0.040022286691184586,0.8244591058384025,1.0392573202514956,False,False,False,False,False
2026-08-23,札幌,3,1100,1,ブルーエ,26.7,11.0,0.029712196964580787,0.028891008084280113,0.771389915850279,0.9723618929532679,False,False,False,False,False
2026-08-23,札幌,3,1100,14,アメリカンダンス,18.1,9.0,0.043829594417365024,0.04075310850050029,0.7376312638590553,0.9298080222333555,False,False,False,False,False
2026-08-23,札幌,3,1100,13,ファイアリービート,6.2,3.0,0.12795413854101725,0.11884111512917576,0.7368149138008898,0.9287789866294931,False,False,False,False,False
2026-08-23,札幌,3,1100,9,ジェッディンデデン,55.0,13.0,0.01442392107189649,0.012941149283400307,0.7117632105870169,0.8972005059438928,False,False,False,False,False
2026-08-23,札幌,3,1100,8,メイショウライゴー,15.6,8.0,0.05085356788168635,0.04171415636006315,0.6507408392169851,0.8202798367483959,False,False,False,False,False
2026-08-23,札幌,3,1100,3,ブルーアンビエンス,40.6,12.0,0.0195397945555248,0.01567464529502829,0.6363905989781486,0.8021908956354071,False,False,False,False,False
2026-08-23,札幌,3,1100,7,ジェイストリーク,6.3,4.0,0.1259231204689376,0.09724028726497706,0.6126138097693555,0.7722194852133135,False,False,False,False,False
2026-08-23,札幌,3,1100,2,ホウオウファラオ,12.7,7.0,0.06246579991766196,0.04631126954122104,0.5881531231735072,0.7413860000554753,False,False,False,False,False
2026-08-23,札幌,3,1100,12,ヒマラヤミュサ,140.2,14.0,0.005658456911229008,0.0029158504102839503,0.4088022275218098,0.515308405812466,False,False,False,False,False
2026-08-23,札幌,4,1130,2,ブレッティレディ,11.7,6.0,0.06744234463124049,0.07827789047865143,0.9158513186002216,1.1606638367431805,False,False,False,False,False
2026-08-23,札幌,4,1130,4,スカイピア,11.5,5.0,0.06861525497265336,0.07565886206580363,0.8700769137567418,1.1026536605592663,False,False,False,False,False
2026-08-23,札幌,4,1130,13,ゲフィオン,42.2,12.0,0.018698469957002695,0.019778263322385664,0.8346427122046751,1.0577476856590922,False,False,False,False,False
2026-08-23,札幌,4,1130,3,ロジスカヤ,17.0,9.0,0.046416201893265514,0.0490065849296656,0.8331119438043152,1.0558077337382472,False,False,False,False,False
2026-08-23,札幌,4,1130,12,レッドアイスピア,6.0,2.0,0.13151257203091896,0.13747014529465534,0.8248208717679321,1.0453004087117674,False,False,False,False,False
2026-08-23,札幌,4,1130,8,リアララ,2.7,1.0,0.29225016006870874,0.2971459031162688,0.8022939384139258,1.0167518917574214,False,False,False,False,False
2026-08-23,札幌,4,1130,16,アドマイヤパープル,11.1,4.0,0.07108787677346971,0.07185862382853285,0.7976307244967146,1.0108421729561459,False,False,False,False,False
2026-08-23,札幌,4,1130,11,ニットウエース,86.6,16.0,0.009111725544867364,0.009174000623739107,0.7944684540158066,1.0068346087209379,False,False,False,False,False
2026-08-23,札幌,4,1130,6,ファイティンアスク,21.7,10.0,0.03636292314218957,0.035845132232858304,0.7778393694530251,0.9857604707051038,False,False,False,False,False
2026-08-23,札幌,4,1130,15,ウォーターブビンガ,78.8,15.0,0.010013647616567433,0.009856368765352192,0.7766818587097527,0.9842935504386009,False,False,False,False,False
2026-08-23,札幌,4,1130,10,リネアベルタ,15.1,8.0,0.052256651138113494,0.04767817667887776,0.7199404678510541,0.9123848474879322,False,False,False,False,False
2026-08-23,札幌,4,1130,7,ユーベルジーク,49.5,13.0,0.015940917821929572,0.01410508386179764,0.6982016511589831,0.8848351154783312,False,False,False,False,False
2026-08-23,札幌,4,1130,5,メイショウテンジン,13.1,7.0,0.060234765815688075,0.05228681764817571,0.6849573111911017,0.8680504844688491,False,False,False,False,False
2026-08-23,札幌,4,1130,14,チャーミングアイ,25.9,11.0,0.030466232902915585,0.025910081261918124,0.6710711046836794,0.8504524121667355,False,False,False,False,False
2026-08-23,札幌,4,1130,1,ドンレミラピュセル,49.8,14.0,0.015844888196496258,0.013448014683642394,0.6697111312453912,0.8487289097196735,False,False,False,False,False
2026-08-23,札幌,4,1130,9,ヴェンデボヌール,10.7,3.0,0.07374536749397326,0.06250005120767547,0.6687505479221275,0.8475115567467096,False,False,False,False,False
2026-08-23,札幌,5,1220,7,バトルナイト,12.1,6.0,0.06544132730802471,0.06859177485158971,0.8299604757042355,1.0481415593656316,True,False,False,False,False
2026-08-23,札幌,5,1220,3,ヴァンドレスト,2.9,2.0,0.27304829669899966,0.27916253053815354,0.8095713385606452,1.0223924994701359,True,False,False,False,False
2026-08-23,札幌,5,1220,6,マテンロウバモス,2.2,1.0,0.35992730019413594,0.3626202411537663,0.7977645305382859,1.0074819024791335,True,False,False,False,False
2026-08-23,札幌,5,1220,4,ボディビルダー,10.6,5.0,0.07470189249312255,0.07462898836006361,0.7910672766166742,0.999024065781658,True,False,False,False,False
2026-08-23,札幌,5,1220,5,ソフィーサンライズ,18.2,7.0,0.04350769562786258,0.04326513547622604,0.7874254656673139,0.9944248908581312,True,False,False,False,False
2026-08-23,札幌,5,1220,1,リズムオブサンダー,10.0,4.0,0.0791840060427099,0.07445102269361822,0.7445102269361823,0.9402280386453443,True,False,False,False,False
2026-08-23,札幌,5,1220,2,アオイゲート,7.6,3.0,0.1041894816351446,0.0972803069265825,0.739330332642027,0.9336864470373607,True,False,False,False,False
2026-08-23,札幌,6,1250,6,モルニケ,6.2,3.0,0.12662162595541926,0.1412654223433996,0.8758456185290775,1.1156500422221405,False,False,False,False,False
2026-08-23,札幌,6,1250,14,ベアサナエチャン,14.8,5.0,0.05304419465699995,0.05864084437915887,0.8678844968115513,1.1055091845271396,False,False,False,False,False
2026-08-23,札幌,6,1250,2,ルールザウェイヴ,2.6,1.0,0.30194387727830746,0.3275719968741515,0.851687191872794,1.0848770964553194,False,False,False,False,False
2026-08-23,札幌,6,1250,3,クイーンズワーフ,24.0,7.0,0.03271058670514997,0.035443147248288176,0.8506355339589162,1.0835374971341614,False,False,False,False,False
2026-08-23,札幌,6,1250,11,ホウオウペトリュス,56.5,10.0,0.013894762494222999,0.014917433552118437,0.8428349956946917,1.0736011902557263,False,False,False,False,False
2026-08-23,札幌,6,1250,10,ファニーバニー,9.2,4.0,0.08533196531778256,0.08985293649049328,0.8266470157125381,1.0529809802911991,False,False,False,False,False
2026-08-23,札幌,6,1250,12,サンセットゴールド,29.5,9.0,0.026612002743172863,0.02597489136864609,0.7662592953750597,0.9760592473751258,False,False,False,False,False
2026-08-23,札幌,6,1250,13,クラインシュミット,98.8,14.0,0.007945891507323881,0.007576851459076079,0.7485929241567166,0.953555866209896,False,False,False,False,False
2026-08-23,札幌,6,1250,7,ブライトフレア,59.1,12.0,0.013283486986862934,0.011889062763108572,0.7026436092997166,0.8950257394663452,False,False,False,False,False
2026-08-23,札幌,6,1250,1,ゴーゴーリチャード,18.0,6.0,0.04361411560686663,0.038045621626393626,0.6848211892750853,0.8723235837070076,False,False,False,False,False
2026-08-23,札幌,6,1250,5,ルクスアドラー,25.1,8.0,0.03127705501687647,0.026964722363379785,0.6768145313208326,0.8621247220631918,False,False,False,False,False
2026-08-23,札幌,6,1250,4,モノポリオ,3.3,2.0,0.2378951760374544,0.20121500009733073,0.6640095003211913,0.8458137043756251,False,False,False,False,False
2026-08-23,札幌,6,1250,8,オーケーダイナ,65.4,13.0,0.012003885029412834,0.00994273798894981,0.6502550644773176,0.8282933370810662,False,False,False,False,False
2026-08-23,札幌,6,1250,9,サンウリエル,56.8,11.0,0.013821374664147878,0.0106993314455054,0.6077220261047066,0.7741148551062044,False,False,False,False,False
2026-08-23,札幌,7,1325,6,トライゴーニック,7.0,3.0,0.11386269382131274,0.14556624358245313,1.0189637050771718,1.2784366740074977,False,True,True,True,True
2026-08-23,札幌,7,1325,3,タイキフィアリーベ,18.0,8.0,0.04427993648606607,0.0531936928160463,0.9574864706888334,1.2013046322409517,False,False,False,False,False
2026-08-23,札幌,7,1325,5,ニヒトツーゼーア,9.0,7.0,0.08855987297213214,0.10627822988240163,0.9565040689416147,1.2000720678071102,False,False,False,False,False
2026-08-23,札幌,7,1325,11,ブーケドグレイス,37.5,10.0,0.021254369513311715,0.02320746153262741,0.8702798074735278,1.091891317599069,False,False,False,False,False
2026-08-23,札幌,7,1325,9,ステイアンビシャス,7.8,5.0,0.10218446881399863,0.10163785865649007,0.7927752975206225,0.9946507510989412,False,False,False,False,False
2026-08-23,札幌,7,1325,4,リバーソニック,8.6,6.0,0.09267893683130107,0.09178581364235194,0.7893579973242267,0.9903632559944571,False,False,False,False,False
2026-08-23,札幌,7,1325,1,シーリュウシー,35.2,9.0,0.022643149339465603,0.020707911927258817,0.7289184998395104,0.9145332045823773,False,False,False,False,False
2026-08-23,札幌,7,1325,10,ダイシンレアレア,5.3,2.0,0.15038468995267723,0.1374922662892521,0.7287090113330361,0.9142703710897558,False,False,False,False,False
2026-08-23,札幌,7,1325,7,アスクガンバーレ,3.3,1.0,0.24152692628763311,0.21752564955097642,0.7178346435182221,0.9006269110216154,False,False,False,False,False
2026-08-23,札幌,7,1325,2,シドニーホバート,44.9,11.0,0.01775142219931379,0.01560281991445498,0.7005666141590285,0.8789616820143081,False,False,False,False,False
2026-08-23,札幌,7,1325,8,ミスターエメラルド,7.6,4.0,0.10487353378278806,0.08700205220568712,0.6612155967632221,0.8295901651019408,False,False,False,False,False
2026-08-23,札幌,8,1400,8,ダノンプレサージュ,4.4,1.0,0.1810199629212888,0.2131700356026331,0.9379481566515857,1.1776051224544986,False,False,False,False,False
2026-08-23,札幌,8,1400,11,ソワンドヴィクター,67.9,10.0,0.011730306875606342,0.013100227186943286,0.8895054259934492,1.1167846950522453,False,False,False,False,False
2026-08-23,札幌,8,1400,6,ピティロディア,32.9,9.0,0.024209356743272667,0.026630638406462754,0.8761480035726246,1.1000142915347355,False,False,False,False,False
2026-08-23,札幌,8,1400,3,ブランヴァンダイク,9.2,7.0,0.086574764875399,0.09274756563872935,0.85327760387631,1.0713002313343205,False,False,False,False,False
2026-08-23,札幌,8,1400,9,マイネルシンベリン,5.1,3.0,0.1561740856575825,0.1538615315292448,0.7846938107991485,0.9851924593084664,False,False,False,False,False
2026-08-23,札幌,8,1400,7,ジェルブロア,7.0,5.0,0.11378397669338153,0.11147437474858914,0.780320623240124,0.9797018700531431,False,False,False,False,False
2026-08-23,札幌,8,1400,4,シャルムグリーン,27.8,8.0,0.028650641613441392,0.027811613636500122,0.7731628590947034,0.9707152116081184,False,False,False,False,False
2026-08-23,札幌,8,1400,2,サクラアドリア,6.9,4.0,0.11543301983386532,0.11090585378630043,0.765250391125473,0.9607810134909359,False,False,False,False,False
2026-08-23,札幌,8,1400,5,ララオウ,7.5,6.0,0.1061983782471561,0.09600898220578956,0.7200673665434217,0.9040531860321568,False,False,False,False,False
2026-08-23,札幌,8,1400,10,ゴールドジェスター,77.4,11.0,0.010290540527825203,0.00901262674142492,0.697577309786289,0.87581665093832,False,False,False,False,False
2026-08-23,札幌,8,1400,1,シニャンガ,4.8,2.0,0.1659349660111814,0.14527655051738267,0.6973274424834368,0.8755029395527963,False,False,False,False,False
2026-08-23,札幌,9,1435,8,ジャケットポケット,13.7,8.0,0.05797572656502252,0.06501635840662222,0.8907241101707244,1.1214410281465519,False,False,False,False,False
2026-08-23,札幌,9,1435,13,エイシンインアウト,6.0,3.0,0.13237790899013474,0.14638220874871571,0.8782932524922943,1.1057903079555715,False,False,False,False,False
2026-08-23,札幌,9,1435,2,ハルフロンティア,10.6,6.0,0.07493089188120836,0.07930907812296893,0.8406762281034706,1.0584296560716444,False,False,False,False,False
2026-08-23,札幌,9,1435,4,グランツローゼ,37.0,12.0,0.021466687944346176,0.022711537082955487,0.840326872069353,1.0579898092261213,False,False,False,False,False
2026-08-23,札幌,9,1435,12,ダノンシーホーク,25.2,10.0,0.03151854975955589,0.03252907691101946,0.8197327381576903,1.0320613467044812,False,False,False,False,False
2026-08-23,札幌,9,1435,10,ユメシルベ,60.3,13.0,0.013171931242799478,0.013575635188756383,0.8186108018820099,1.0306488045310433,False,False,False,False,False
2026-08-23,札幌,9,1435,11,メイショウテンク,4.0,1.0,0.1985668634852021,0.20150605692277024,0.806024227691081,1.0148020338639592,False,False,False,False,False
2026-08-23,札幌,9,1435,6,マイネルマスター,19.5,9.0,0.04073166430465684,0.040612944258571475,0.7919524130421438,0.9970853131559421,False,False,False,False,False
2026-08-23,札幌,9,1435,7,ドーギッド,34.8,11.0,0.0228237774120922,0.02259271410122954,0.7862264507227879,0.9898762020549569,False,False,False,False,False
2026-08-23,札幌,9,1435,5,エチゴドラゴン,5.2,2.0,0.15274374114246314,0.14309446474160412,0.7440912166563415,0.9368270259148674,False,False,False,False,False
2026-08-23,札幌,9,1435,3,デルシエロ,8.6,5.0,0.09235668069079168,0.08606613980107145,0.7401688022892144,0.9318886209132955,False,False,False,False,False
2026-08-23,札幌,9,1435,9,サイン,12.8,7.0,0.06205214483912566,0.05725821191135838,0.7329051124653874,0.9227434774382759,False,False,False,False,False
2026-08-23,札幌,9,1435,1,アドミラルシップ,8.0,4.0,0.09928343174260106,0.08934557380235658,0.7147645904188527,0.8999041656214197,False,False,False,False,False
2026-08-23,札幌,10,1510,9,ヒミノエトワール,11.8,9.0,0.06729944640562704,0.08915503083150277,1.0520293638117326,1.324751325503449,False,True,True,True,True
2026-08-23,札幌,10,1510,14,ウインハルモニア,26.7,11.0,0.029742826501363267,0.03220188276697677,0.8597902698782797,1.082677289110394,False,False,False,False,False
2026-08-23,札幌,10,1510,6,ユウェンタース,8.2,6.0,0.09684554482760967,0.10483042710418283,0.8596095022542991,1.082449660340976,False,False,False,False,False
2026-08-23,札幌,10,1510,11,アオハルブルース,7.6,2.0,0.10449124573505252,0.1082884952727466,0.8229925640728741,1.0363403604864887,False,False,False,False,False
2026-08-23,札幌,10,1510,7,レッドライトニング,8.1,5.0,0.09804116883782707,0.09891063375331717,0.801176133401869,1.008868365461129,False,False,False,False,False
2026-08-23,札幌,10,1510,13,マーシヴィガラス,40.4,12.0,0.019656768999663347,0.019218746079147846,0.7764373415975729,0.9777164334320151,False,False,False,False,False
2026-08-23,札幌,10,1510,12,ヒルノピレネー,16.8,10.0,0.04726984926109519,0.045557482411220124,0.7653657045084981,0.9637746496626888,False,False,False,False,False
2026-08-23,札幌,10,1510,2,クリノラピダス,53.3,13.0,0.014899314588863026,0.014282866243525316,0.7612767707798993,0.9586257245820895,False,False,False,False,False
2026-08-23,札幌,10,1510,4,セイントホース,9.7,7.0,0.0818694296480824,0.07815044023355074,0.7580592702654421,0.954574137983887,False,False,False,False,False
2026-08-23,札幌,10,1510,8,ハヤブサオヒメサマ,7.6,2.0,0.10449124573505252,0.09904439345827415,0.7527373902828834,0.9478726448473074,False,False,False,False,False
2026-08-23,札幌,10,1510,10,カスバートテソーロ,11.1,8.0,0.07154355563841434,0.06708723423052189,0.7446682999587929,0.9377117705693161,False,False,False,False,False
2026-08-23,札幌,10,1510,1,ローズマイスター,5.1,1.0,0.15571244462478417,0.14478152842945255,0.738385794990208,0.9298006256232664,False,False,False,False,False
2026-08-23,札幌,10,1510,3,ハイクオリティ,7.9,4.0,0.10052322374511381,0.0919283796481919,0.726234199220716,0.9144989209785496,False,False,False,False,False
2026-08-23,札幌,10,1510,5,オーロラアーク,104.3,14.0,0.0076139354514515745,0.006562459537389381,0.6844645297497124,0.8619011258019356,False,False,False,False,False
2026-08-23,札幌,11,1545,3,パンジャタワー,2.3,1.0,0.3445761205093418,0.40170590854080834,0.9239235896438591,1.1657972930539096,False,False,False,False,False
2026-08-23,札幌,11,1545,14,サウンドモリアーナ,15.7,7.0,0.0504793042784386,0.055986205376646656,0.8789834244133524,1.1090922542797452,False,False,False,False,False
2026-08-23,札幌,11,1545,16,ロードフォアエース,39.3,12.0,0.020166032498002192,0.02228031868429033,0.8756165242926099,1.1048439342988066,False,False,False,False,False
2026-08-23,札幌,11,1545,11,リラエンブレム,38.0,11.0,0.020855923083460157,0.021783844126225183,0.8277860767965569,1.044491967056635,False,False,False,False,False
2026-08-23,札幌,11,1545,1,ナムラクララ,16.7,8.0,0.04745659144739437,0.04825880830078202,0.8059220986230596,1.016904224027065,False,False,False,False,False
2026-08-23,札幌,11,1545,10,ダノンマッキンリー,14.1,5.0,0.05620745228166568,0.055459987048102496,0.7819858173782451,0.9867016702728759,False,False,False,False,False
2026-08-23,札幌,11,1545,9,イツモニコニコ,53.8,13.0,0.014730949389804574,0.014377143321344476,0.7734903106883327,0.9759821272140836,False,False,False,False,False
2026-08-23,札幌,11,1545,5,ゾンニッヒ,22.3,10.0,0.035539241128766184,0.033759172391272366,0.7528295443253737,0.9499125844852946,False,False,False,False,False
2026-08-23,札幌,11,1545,15,エイシンディード,15.2,6.0,0.05213980770865039,0.04721584680477173,0.7176808714325302,0.9055623501453431,False,False,False,False,False
2026-08-23,札幌,11,1545,6,ジョーメッドヴィン,95.3,14.0,0.008316107840204472,0.007395515475993534,0.7047926248621837,0.8893000930362751,False,False,False,False,False
2026-08-23,札幌,11,1545,13,ロジケープ,6.0,2.0,0.13208751286191434,0.11604240509265688,0.6962544305559413,0.8785266871817689,False,False,False,False,False
2026-08-23,札幌,11,1545,4,エーティーマクフィ,10.0,4.0,0.0792525077171486,0.06857412236789884,0.6857412236789884,0.8652612307567501,False,False,False,False,False
2026-08-23,札幌,11,1545,2,ルシード,17.4,9.0,0.04554741822824633,0.03865477702643611,0.6725931202599883,0.8486710889458113,False,False,False,False,False
2026-08-23,札幌,11,1545,8,ウインカーネリアン,9.5,3.0,0.08342369233384063,0.06334734037039819,0.6017997335187828,0.7593447208845429,False,False,False,False,False
2026-08-23,札幌,11,1545,7,マイネルジェロディ,210.6,16.0,0.003763177004612944,0.0025042340295757842,0.5273916866286601,0.6654574117842628,False,False,False,False,False
2026-08-23,札幌,11,1545,12,レッドアヴァンティ,145.2,15.0,0.005458161688508857,0.002654371042796911,0.38541467541411145,0.4863122777006029,False,False,False,False,False
2026-08-23,札幌,12,1620,12,ミリオンクラウン,5.8,1.0,0.1373729329073779,0.17526545990820824,1.0165396674676077,1.2758369221568484,False,True,False,False,False
2026-08-23,札幌,12,1620,4,ストームサンダー,15.4,10.0,0.05173785784823323,0.0558538837281593,0.8601498094136532,1.0795553981380508,False,False,False,False,False
2026-08-23,札幌,12,1620,9,ルクスジニア,5.9,2.0,0.13504457811233758,0.1440548434201087,0.8499235761786414,1.0667206742670994,False,False,False,False,False
2026-08-23,札幌,12,1620,5,レッセパッセ,35.6,13.0,0.022380983451202017,0.023598508473993956,0.8401069016741849,1.0543999786893434,False,False,False,False,False
2026-08-23,札幌,12,1620,1,ミーントゥビー,8.1,4.0,0.09836580381022121,0.10334539888021825,0.8370977309297678,1.0506232336555115,False,False,False,False,False
2026-08-23,札幌,12,1620,6,マルカオペラ,11.0,6.0,0.07243300098752653,0.07558186325899413,0.8314004958489354,1.0434727572865559,False,False,False,False,False
2026-08-23,札幌,12,1620,11,ショウナンヤッホー,32.0,12.0,0.024898844089462243,0.024319027437369627,0.778208877995828,0.9767131096524273,False,False,False,False,False
2026-08-23,札幌,12,1620,3,バセリーナ,14.9,9.0,0.053474027574684016,0.05052123274953079,0.7527663679680088,0.9447807663069846,False,False,False,False,False
2026-08-23,札幌,12,1620,7,ベネスピラ,11.4,8.0,0.06989149218094665,0.0647641845421283,0.7383117037802627,0.9266390303193996,False,False,False,False,False
2026-08-23,札幌,12,1620,8,ウインベラーノ,11.3,7.0,0.07051000096130901,0.06435722149566413,0.7272366029010047,0.912738911051482,False,False,False,False,False
2026-08-23,札幌,12,1620,2,マイネルフォルツァ,23.2,11.0,0.034343233226844475,0.030814995931568997,0.7149079056124007,0.8972654300784464,False,False,False,False,False
2026-08-23,札幌,12,1620,14,ワザモノ,8.2,5.0,0.09716622083692585,0.08207899820899443,0.6730477853137543,0.8447276996266808,False,False,False,False,False
2026-08-23,札幌,12,1620,10,テルヒコウ,6.3,3.0,0.12647031918457013,0.10222876334807277,0.6440412090928584,0.8083221739867726,False,False,False,False,False
2026-08-23,札幌,12,1620,13,コスモスプモーニ,134.8,14.0,0.005910704828358989,0.003215618616988339,0.4334653895700281,0.5440330231954931,False,False,False,False,False
2026-08-23,新潟,1,940,7,クールストラッチン,19.8,4.0,0.03946509499421168,0.043455872296962725,0.860426271479862,1.1011216950912286,True,False,False,False,False
2026-08-23,新潟,1,940,10,セイウントレジャ,24.1,5.0,0.032423605015991334,0.03542758410974333,0.8538047770448143,1.092647905508053,True,False,False,False,False
2026-08-23,新潟,1,940,3,ドッカイッチャッテ,28.2,7.0,0.0277095347831699,0.030153279063415986,0.8503224695883308,1.088191458260438,True,False,False,False,False
2026-08-23,新潟,1,940,12,ノーセット,1.3,1.0,0.601083754527224,0.6252522358606475,0.8128279066188417,1.0402081759012651,True,False,False,False,False
2026-08-23,新潟,1,940,6,クールボビー,6.2,2.0,0.12603369046538568,0.1223256640887366,0.758419117350167,0.9705790859336341,True,False,False,False,False
2026-08-23,新潟,1,940,2,ディスペアーホープ,10.6,3.0,0.073717818951452,0.06610159307128455,0.7006768865556162,0.8966840583660887,True,False,False,False,False
2026-08-23,新潟,1,940,11,センカンナガト,54.9,9.0,0.01423331294873208,0.012130285925034076,0.6659526972843708,0.8522461333300941,True,False,False,False,False
2026-08-23,新潟,1,940,1,ソースウィート,35.6,8.0,0.021949687665319975,0.017436356519296235,0.620734292086946,0.7943783431071457,True,False,False,False,False
2026-08-23,新潟,1,940,9,レオリアライズ,25.8,6.0,0.030287165925790355,0.024022575396148382,0.6197824452206283,0.7931602268435588,True,False,False,False,False
2026-08-23,新潟,1,940,5,コスモティタノ,65.2,10.0,0.011984798786585754,0.00935759680239482,0.6101153115161423,0.7807888116460089,True,False,False,False,False
2026-08-23,新潟,1,940,4,スノーキャップ,82.7,12.0,0.009448716818444875,0.00653461700329506,0.5404128261725015,0.6915877710017523,True,False,False,False,False
2026-08-23,新潟,1,940,8,シュアシング,67.0,11.0,0.011662819117692406,0.00780233986304075,0.5227567708237303,0.6689926152764095,True,False,False,False,False
2026-08-23,新潟,2,1010,8,スロノス,2.9,1.0,0.27244928108686534,0.29427211599390174,0.8533891363823151,1.0800987061517648,True,False,False,False,False
2026-08-23,新潟,2,1010,10,ロジグローリー,21.0,9.0,0.037623948340567114,0.03803672068453835,0.7987711343753054,1.0109710001787924,True,False,False,False,False
2026-08-23,新潟,2,1010,4,グランドストーリー,22.9,10.0,0.03450231070532356,0.034323708710014146,0.7860129294593239,0.9948234772785275,True,False,False,False,False
2026-08-23,新潟,2,1010,5,ゼラニウム,15.3,7.0,0.05164071340862154,0.05126017350291398,0.784280654594584,0.9926310099030502,True,False,False,False,False
2026-08-23,新潟,2,1010,6,アルバスタキヤ,15.5,8.0,0.05097438162270383,0.05057969624476747,0.7839852917938958,0.9922571816396382,True,False,False,False,False
2026-08-23,新潟,2,1010,11,フォルスラヴィ,7.3,3.0,0.10823327604820676,0.10585533132776398,0.772743918692677,0.9780294489156584,True,False,False,False,False
2026-08-23,新潟,2,1010,7,タイヴァス,7.8,5.0,0.1012952455322961,0.09742453723286157,0.7599113904163202,0.9617878580668386,True,False,False,False,False
2026-08-23,新潟,2,1010,1,オプティミスタ,13.5,6.0,0.0585261418631044,0.05617328834424364,0.7583393926472892,0.9597982466644701,True,False,False,False,False
2026-08-23,新潟,2,1010,3,プロテウス,4.6,2.0,0.17176150329389336,0.16465039677142396,0.7573918251485502,0.9585989503695603,True,False,False,False,False
2026-08-23,新潟,2,1010,9,オーロラトレイル,7.7,4.0,0.10261076820154667,0.09811965561605519,0.755521348243625,0.9562315664894926,True,False,False,False,False
2026-08-23,新潟,2,1010,2,ノーブルフォース,76.1,11.0,0.010382429896871347,0.009304375571516232,0.7080629809923852,0.8961655088391228,True,False,False,False,False
2026-08-23,新潟,3,1040,9,ドミナント,2.4,1.0,0.33035130962862763,0.3467429275633358,0.8321830261520059,1.0496187466401607,True,False,False,False,False
2026-08-23,新潟,3,1040,11,コンセルノ,10.6,5.0,0.07479652293478362,0.07445447143655094,0.78921739722744,0.9954269064281115,True,False,False,False,False
2026-08-23,新潟,3,1040,4,レイヤードホワイト,21.7,9.0,0.0365365503736731,0.03613700211161799,0.7841729458221103,0.9890644229417177,True,False,False,False,False
2026-08-23,新潟,3,1040,12,ヴァルブロッサ,6.1,2.0,0.12997428575552564,0.1283496733573242,0.7829330074796775,0.9875005091294963,True,False,False,False,False
2026-08-23,新潟,3,1040,1,デススパイラル,11.7,6.0,0.06776437120587234,0.06680719243161114,0.7816441514498502,0.9858748962437321,True,False,False,False,False
2026-08-23,新潟,3,1040,6,ランブリングガール,18.5,8.0,0.04285638611398413,0.04211145178745678,0.7790618580679505,0.9826178921259001,True,False,False,False,False
2026-08-23,新潟,3,1040,7,ガネット,6.3,3.0,0.1258481179537629,0.12254836909824435,0.7720547253189394,0.9737799109818162,True,False,False,False,False
2026-08-23,新潟,3,1040,8,ルーチェルナーレ,35.6,10.0,0.022270874806424333,0.021378474850602885,0.7610737046814627,0.9599297304853053,True,False,False,False,False
2026-08-23,新潟,3,1040,2,ヴィゴーレテソーロ,12.8,7.0,0.061940870555367684,0.059456568850547814,0.7610440812870121,0.9598923669857173,True,False,False,False,False
2026-08-23,新潟,3,1040,3,ティシポネ,10.4,4.0,0.07623491760660638,0.07285812724639285,0.7577245233624856,0.9557054632414149,True,False,False,False,False
2026-08-23,新潟,3,1040,5,セイウンシャラ,37.5,11.0,0.02114248381623217,0.019772139412640267,0.74145522797401,0.935185268887858,True,False,False,False,False
2026-08-23,新潟,3,1040,10,ヒーローシー,77.1,12.0,0.01028330924914016,0.009383601853675148,0.7234757029183538,0.912507990018851,True,False,False,False,False
2026-08-23,新潟,4,1110,14,ブルーダイヤシチー,9.7,6.0,0.08190191263307915,0.10120337956800275,0.9816727818096266,1.2356656433823987,False,False,False,False,False
2026-08-23,新潟,4,1110,5,フランシスガリバー,17.3,9.0,0.04592188164976114,0.05656478710356309,0.9785708168916415,1.231761092347515,False,False,False,False,False
2026-08-23,新潟,4,1110,9,ダイユウレゾナンス,91.6,13.0,0.008673019132542224,0.010258795596605669,0.9397056766490792,1.1828401897689143,False,False,False,False,False
2026-08-23,新潟,4,1110,11,ゼフィリア,27.7,11.0,0.02868045316032013,0.03332171632612274,0.9230115422335999,1.1618267026625602,False,False,False,False,False
2026-08-23,新潟,4,1110,4,ジャガーライズ,7.3,3.0,0.10882856884121474,0.12488515239660018,0.9116616124951813,1.1475401516931887,False,False,False,False,False
2026-08-23,新潟,4,1110,13,サトミノアカリ,8.3,5.0,0.09571669307721296,0.10611649449368682,0.8807669042976006,1.10865190890041,False,False,False,False,False
2026-08-23,新潟,4,1110,1,ミッキーサウザンド,4.8,1.0,0.16551011511268077,0.165708567632827,0.7954011246375695,1.0011990355997946,False,False,False,False,False
2026-08-23,新潟,4,1110,8,ヴェロシスタ,19.3,10.0,0.04116313743735065,0.038742338318068975,0.7477271295387312,0.9411901213077823,False,False,False,False,False
2026-08-23,新潟,4,1110,10,ジーティーニッツァ,6.0,2.0,0.1324080920901446,0.1233082544371919,0.7398495266231514,0.9312743087729303,False,False,False,False,False
2026-08-23,新潟,4,1110,6,ユイハホンキダゼ,9.7,6.0,0.08190191263307915,0.07432375208348758,0.7209403952098296,0.9074727279747208,False,False,False,False,False
2026-08-23,新潟,4,1110,12,ミエスタ,7.7,4.0,0.10317513669361916,0.08542564844131992,0.6577774929981633,0.8279673880635919,False,False,False,False,False
2026-08-23,新潟,4,1110,15,ノーブルスアーク,38.1,12.0,0.020851668045692065,0.01696540187523317,0.6463818114463837,0.8136232476968769,False,False,False,False,False
2026-08-23,新潟,4,1110,7,メビウスロマンス,11.0,8.0,0.07222259568553342,0.05606491169326128,0.6167140286258741,0.7762793785116114,False,False,False,False,False
2026-08-23,新潟,4,1110,3,ピクシーゲイル,106.3,14.0,0.007473645837637514,0.00493182986920782,0.5242535150967912,0.6598961171495403,False,False,False,False,False
2026-08-23,新潟,4,1110,2,パッサージュワイズ,142.6,15.0,0.005571167970132312,0.0021789701648210744,0.31072114550348523,0.3911155033384005,False,False,False,False,False
2026-08-23,新潟,5,1140,12,シェリーシュシュ,8.8,3.0,0.0903633803194069,0.11346784228092265,0.9985170120721194,1.255683905137773,False,False,False,False,False
2026-08-23,新潟,5,1140,16,ソアサージュ,99.7,17.0,0.007975905183658783,0.009478294381993947,0.9449859498847966,1.1883659802542905,False,False,False,False,False
2026-08-23,新潟,5,1140,3,エリオステモン,31.8,11.0,0.025006218453169204,0.028513308377469286,0.9067232064035233,1.1402487117701559,False,False,False,False,False
2026-08-23,新潟,5,1140,6,フジサン,21.0,10.0,0.03786655937194194,0.04121621297553997,0.8655404724863394,1.0884594127154852,False,False,False,False,False
2026-08-23,新潟,5,1140,2,ソロンゴ,11.1,6.0,0.07163943664961989,0.07704993560527226,0.8552542852185221,1.075524029901498,False,False,False,False,False
2026-08-23,新潟,5,1140,5,メイショウコハル,10.2,4.0,0.07796056341282165,0.08384022679097852,0.8551703132679809,1.0754184310729324,False,False,False,False,False
2026-08-23,新潟,5,1140,17,ルサフィール,79.5,16.0,0.010002487381267681,0.010531653611534414,0.8372664621169859,1.0529034639181587,False,False,False,False,False
2026-08-23,新潟,5,1140,9,ジーナグレイス,14.8,8.0,0.0537295774872149,0.055694928149904406,0.8242849366185853,1.036578561652698,False,False,False,False,False
2026-08-23,新潟,5,1140,1,スコアレジーナ,50.5,13.0,0.015746490035857045,0.015490994107649649,0.7822952024363072,0.9837744203549111,False,False,False,False,False
2026-08-23,新潟,5,1140,8,ソフィア,35.5,12.0,0.022399936529881148,0.0214927991375177,0.7629943693818783,0.9595026802351273,False,False,False,False,False
2026-08-23,新潟,5,1140,10,ワイズファミリア,10.2,4.0,0.07796056341282165,0.07458670083385957,0.7607843485053676,0.9567234710568138,False,False,False,False,False
2026-08-23,新潟,5,1140,11,ロックユアライフ,14.7,7.0,0.054095084817059914,0.051458270234399216,0.7564365724456684,0.9512559303386261,False,False,False,False,False
2026-08-23,新潟,5,1140,4,バンオンタイム,4.1,1.0,0.19395066995384896,0.18341977934500073,0.7520210953145029,0.9457032522168958,False,False,False,False,False
2026-08-23,新潟,5,1140,13,ウッケン,99.7,17.0,0.007975905183658783,0.007408686542291302,0.7386460482664429,0.9288834773851611,False,False,False,False,False
2026-08-23,新潟,5,1140,15,ポポラヴィスタ,18.8,9.0,0.04229775248993514,0.03882976886689845,0.7299996546976909,0.9180102152268751,False,False,False,False,False
2026-08-23,新潟,5,1140,14,ウラヌスリング,4.3,2.0,0.18492970856064667,0.16501003379573595,0.7095431453216645,0.8922851556953697,False,False,False,False,False
2026-08-23,新潟,5,1140,18,ピコプリンセス,52.5,14.0,0.015146623748776776,0.013074184897377106,0.686394707112298,0.863174864195921,False,False,False,False,False
2026-08-23,新潟,5,1140,7,アオゾラランチ,72.6,15.0,0.010953137008412958,0.00943638006565481,0.6850811927665391,0.8615230557608156,False,False,False,False,False
2026-08-23,新潟,6,1450,12,ルクスビッグスター,20.9,10.0,0.03795256132694815,0.05619779495861436,1.17453391463504,1.4807378736441488,False,True,True,False,True
2026-08-23,新潟,6,1450,13,ロフティストーリー,7.4,3.0,0.1071903421261103,0.13733280716007015,1.0162627729845193,1.2812050454927832,False,False,False,False,False
2026-08-23,新潟,6,1450,4,オンザライン,21.6,11.0,0.036722617209871126,0.04562315736319064,0.9854601990449179,1.2423721627043245,False,False,False,False,False
2026-08-23,新潟,6,1450,10,ヴァナルガンド,25.3,12.0,0.031352115878783254,0.036399924932071816,0.920918100781417,1.161003776357708,False,False,False,False,False
2026-08-23,新潟,6,1450,5,パフ,13.8,7.0,0.05747887911110264,0.06122855780385946,0.8449540976932606,1.0652357657411684,False,False,False,False,False
2026-08-23,新潟,6,1450,9,ユキノロイヤル,30.2,13.0,0.026265183169974053,0.02729865041264936,0.8244192424620106,1.0393474218697532,False,False,False,False,False
2026-08-23,新潟,6,1450,14,アラレタバシル,4.3,1.0,0.18446710040307357,0.18356325904096885,0.789322013876166,0.9951002571183166,False,False,False,False,False
2026-08-23,新潟,6,1450,7,ブレトワルダ,5.4,2.0,0.1468904688394845,0.13867295071418662,0.7488339338566078,0.9440568323443937,False,False,False,False,False
2026-08-23,新潟,6,1450,1,クロニクル,8.5,4.0,0.0933186507921431,0.08742231310723686,0.7430896614115133,0.9368150135599401,False,False,False,False,False
2026-08-23,新潟,6,1450,6,エスティメート,104.2,15.0,0.007612365947535665,0.007097872814036504,0.7395983472226038,0.9324135049411653,False,False,False,False,False
2026-08-23,新潟,6,1450,3,エンセリオ,72.1,14.0,0.01100150529449676,0.009713184604870898,0.7003206100111917,0.8828959624034073,False,False,False,False,False
2026-08-23,新潟,6,1450,11,リバートゥルー,11.6,6.0,0.06838004583907038,0.05861289465074554,0.6799095779486483,0.8571637227136198,False,False,False,False,False
2026-08-23,新潟,6,1450,15,モモンウールー,14.9,8.0,0.053235471928403784,0.04519017869157899,0.673333662504527,0.8488734494991445,False,False,False,False,False
2026-08-23,新潟,6,1450,2,アークドール,17.7,9.0,0.04481404134085968,0.03430997688221877,0.6072865908152721,0.7656077393523597,False,False,False,False,False
2026-08-23,新潟,6,1450,8,プルートマスター,8.5,4.0,0.0933186507921431,0.07133647686370109,0.6063600533414593,0.7644396512182238,False,False,False,False,False
2026-08-23,新潟,7,1525,6,マインドフルネス,28.2,7.0,0.02815567362696289,0.0352351671237052,0.9936317128884865,1.2514410981793285,True,False,False,False,False
2026-08-23,新潟,7,1525,2,レッチュベルク,3.6,1.0,0.22055277674454266,0.2728741911149677,0.9823470880138837,1.2372285452158547,True,False,False,False,False
2026-08-23,新潟,7,1525,7,トウシンマジック,3.8,2.0,0.2089447358632509,0.20617811318782475,0.783476830113734,0.986759069741595,True,False,False,False,False
2026-08-23,新潟,7,1525,10,インカルナータ,4.8,4.0,0.165414582558407,0.15667323804077393,0.7520315425957148,0.9471549340908529,True,False,False,False,False
2026-08-23,新潟,7,1525,5,エレスレイプニル,70.3,8.0,0.011294310046662212,0.010651338322056498,0.7487890840405718,0.9430711816880102,True,False,False,False,False
2026-08-23,新潟,7,1525,9,スイートアリッサム,14.1,6.0,0.05631134725392578,0.05222040135631322,0.7363076591240164,0.9273513048948167,True,False,False,False,False
2026-08-23,新潟,7,1525,8,マイホームパパ,96.4,9.0,0.008236410749796199,0.007290097997028302,0.7027654469135283,0.8851061728810317,True,False,False,False,False
2026-08-23,新潟,7,1525,3,トップチェッカー,6.8,5.0,0.11676323474711081,0.10321782204652376,0.7018811899163615,0.8839924850495612,True,False,False,False,False
2026-08-23,新潟,7,1525,1,シャンデヴァーグ,4.5,3.0,0.1764422213956341,0.1491507015390182,0.6711781569255818,0.8453231905564118,True,False,False,False,False
2026-08-23,新潟,7,1525,4,アイデアルカット,100.7,10.0,0.007884707013707581,0.006508929271788473,0.6554491776690993,0.8255131434145472,True,False,False,False,False
2026-08-23,新潟,8,1600,7,ラパンチュール,4.1,2.0,0.19256351146014888,0.21470091565312974,0.8802737541778318,1.1149615730681262,False,False,False,False,False
2026-08-23,新潟,8,1600,5,シルバーレイン,19.0,7.0,0.04155317878876896,0.04614176985853995,0.876693627312259,1.1104269565776563,False,False,False,False,False
2026-08-23,新潟,8,1600,1,ケイケイ,11.6,6.0,0.06806124111953538,0.07479140276325273,0.8675802720537317,1.098883910034747,False,False,False,False,False
2026-08-23,新潟,8,1600,6,ナルキッソス,3.0,1.0,0.2631701323288701,0.2681470372465636,0.8044411117396908,1.018911359255138,False,False,False,False,False
2026-08-23,新潟,8,1600,2,コンテネレッツア,21.5,8.0,0.03672141381333072,0.037329635038603357,0.8025871533299722,1.0165631211359254,False,False,False,False,False
2026-08-23,新潟,8,1600,3,マンウォル,44.0,10.0,0.017943418113332055,0.018045066937700457,0.7939829452588201,1.0056649643744788,False,False,False,False,False
2026-08-23,新潟,8,1600,8,レイククレセント,6.7,4.0,0.1178373726845687,0.11209683080599774,0.7510487664001848,0.9512842000140528,False,False,False,False,False
2026-08-23,新潟,8,1600,9,ユキノエミリオ,30.4,9.0,0.025970736742980602,0.024070367845804793,0.7317391825124657,0.9268265311075766,False,False,False,False,False
2026-08-23,新潟,8,1600,4,ジオパーククラウン,99.5,12.0,0.007934777859161914,0.007292356968064664,0.725589518322434,0.9190373186874442,False,False,False,False,False
2026-08-23,新潟,8,1600,11,パワースナッチ,5.8,3.0,0.13612248223907075,0.12464093827258965,0.7229174419810199,0.9156528460426092,False,False,False,False,False
2026-08-23,新潟,8,1600,10,ジッピーレーサー,68.3,11.0,0.011559449443434998,0.01029111276404317,0.7028830017841485,0.8902770685058743,False,False,False,False,False
2026-08-23,新潟,8,1600,12,ホウオウシェリー,9.8,5.0,0.08056228540679697,0.06245256584570999,0.612035145287958,0.7752084679618699,False,False,False,False,False
2026-08-23,新潟,9,1635,12,カセノアステリア,7.3,3.0,0.1089775774719357,0.1313096980159264,0.9585607955162627,1.2049239950277086,False,False,False,False,False
2026-08-23,新潟,9,1635,8,ホウオウルクソール,4.3,1.0,0.1850084454756118,0.21457383896177334,0.9226675075356253,1.1598056424405714,False,False,False,False,False
2026-08-23,新潟,9,1635,4,ハヌル,17.5,8.0,0.04545921803115033,0.050432279624704354,0.8825648934323262,1.1093961095007463,False,False,False,False,False
2026-08-23,新潟,9,1635,9,マオノクラッシュ,8.0,4.0,0.09944203944314134,0.10598286190593893,0.8478628952475115,1.065775224436517,False,False,False,False,False
2026-08-23,新潟,9,1635,14,エフエイト,19.8,9.0,0.04017860179520862,0.03906034420515864,0.773394815262141,0.9721678321274152,False,False,False,False,False
2026-08-23,新潟,9,1635,10,ダイユウファリーナ,95.7,15.0,0.008312814164525922,0.007987219043825614,0.7643768624941112,0.9608321424903551,False,False,False,False,False
2026-08-23,新潟,9,1635,5,ワンモメンタム,19.9,10.0,0.03997669927362466,0.036308844472657795,0.7225460050058901,0.9082501840419126,False,False,False,False,False
2026-08-23,新潟,9,1635,1,シルバードン,73.9,14.0,0.010765038099392837,0.009682991366382463,0.7155730619756641,0.8994850995398332,False,False,False,False,False
2026-08-23,新潟,9,1635,15,ベルゼビュート,4.7,2.0,0.16926304586066612,0.15183045444145257,0.7136031358748272,0.8970088755606838,False,False,False,False,False
2026-08-23,新潟,9,1635,11,ティピティーナ,13.2,7.0,0.06026790269281294,0.053797599297800085,0.710128310730961,0.8926409729571617,False,False,False,False,False
2026-08-23,新潟,9,1635,3,カサブランカキッド,25.0,11.0,0.03182145262180523,0.028366786362675728,0.7091696590668932,0.891435934739125,False,False,False,False,False
2026-08-23,新潟,9,1635,7,リッチハンター,52.9,13.0,0.015038493677601716,0.013281854130888957,0.7026100835240258,0.8831904588071149,False,False,False,False,False
2026-08-23,新潟,9,1635,13,バルジール,11.0,6.0,0.07232148323137552,0.06257673024903233,0.6883440327393556,0.8652578383774687,False,False,False,False,False
2026-08-23,新潟,9,1635,6,カンレイスター,9.2,5.0,0.08647133864620987,0.07303281004797502,0.6719018524413701,0.8445897934665098,False,False,False,False,False
2026-08-23,新潟,9,1635,2,リアライズタキオン,29.8,12.0,0.026695849514937274,0.021775687873807775,0.6489154986394717,0.8156956331965951,False,False,False,False,False
2026-08-23,新潟,10,1710,7,ウィンスタンリー,11.7,6.0,0.06757756508168733,0.08241310208646131,0.9642332944115973,1.2195334647947271,False,False,False,False,False
2026-08-23,新潟,10,1710,8,スペードギニー,11.8,7.0,0.0670048738521815,0.08018680482135433,0.9462042968919812,1.1967309273390068,False,False,False,False,False
2026-08-23,新潟,10,1710,9,ラヴィニール,7.2,3.0,0.10981354325774191,0.11397443925736189,0.8206159626530056,1.0378905540808752,False,False,False,False,False
2026-08-23,新潟,10,1710,5,モウエエデショー,11.4,5.0,0.0693559220575212,0.06985880659810084,0.7963903952183496,1.007250780115973,False,False,False,False,False
2026-08-23,新潟,10,1710,4,リポサンテ,2.6,1.0,0.30409904286759293,0.3043643799796749,0.7913473879471548,1.0008725351766317,False,False,False,False,False
2026-08-23,新潟,10,1710,3,オルグジェシダ,6.7,2.0,0.11800858379936444,0.11310520099818314,0.757804846687827,0.9584489310581176,False,False,False,False,False
2026-08-23,新潟,10,1710,10,マイネルモメンタム,12.2,8.0,0.06480799274227392,0.06190800117554726,0.7552776143416765,0.9552525630864817,False,False,False,False,False
2026-08-23,新潟,10,1710,12,キョウエイグッド,34.1,10.0,0.023186437286092133,0.021773595309175782,0.7424796000428942,0.9390660169355206,False,False,False,False,False
2026-08-23,新潟,10,1710,6,ルーリングクラス,7.6,4.0,0.10403388308628181,0.09338302179193435,0.7097109656187011,0.8976212270620136,False,False,False,False,False
2026-08-23,新潟,10,1710,11,イモータリス,14.0,9.0,0.05647553653255298,0.04788106508039872,0.6703349111255821,0.8478195696786284,False,False,False,False,False
2026-08-23,新潟,10,1710,2,クラウドセイル,87.6,11.0,0.009025770678718514,0.006915205560149565,0.6057720070691018,0.7661623374117668,False,False,False,False,False
2026-08-23,新潟,10,1710,1,モルゲンゾンネ,119.6,12.0,0.0066108487579911515,0.004236377341658022,0.5066707300622993,0.6408220028535846,False,False,False,False,False
2026-08-23,新潟,11,1740,14,リアアーテシアン,14.6,8.0,0.05447848377798684,0.06603174144087022,0.9640634250367052,1.2120701029412957,False,False,False,False,False
2026-08-23,新潟,11,1740,4,テンペストヒロイン,19.5,10.0,0.04078901862351835,0.0481033867833183,0.9380160422747068,1.1793219941698374,False,False,False,False,False
2026-08-23,新潟,11,1740,11,オレイア,79.6,14.0,0.009992284713047838,0.0108352218747836,0.8624836612327745,1.0843588014095578,False,False,False,False,False
2026-08-23,新潟,11,1740,6,ココソラーレ,10.2,4.0,0.07797900619202039,0.08315106204561358,0.8481408328652584,1.0663262601841474,False,False,False,False,False
2026-08-23,新潟,11,1740,9,メイヨシュア,52.7,13.0,0.015092710875874913,0.01602728312881343,0.8446378208884677,1.0619220934280529,False,False,False,False,False
2026-08-23,新潟,11,1740,16,サツキレジーナ,6.6,2.0,0.12051300956948605,0.12725475521982832,0.8398813844508669,1.0559420569980462,False,False,False,False,False
2026-08-23,新潟,11,1740,15,パーティーガール,11.9,6.0,0.0668391481645889,0.0696001872108717,0.8282422278093733,1.0413087108693224,False,False,False,False,False
2026-08-23,新潟,11,1740,17,ヨドノティアラ,3.0,1.0,0.2651286210528693,0.2710014453603414,0.8130043360810242,1.022150849969159,False,False,False,False,False
2026-08-23,新潟,11,1740,8,スペルビア,25.5,11.0,0.031191602476808154,0.030915745467185986,0.7883515094132426,0.9911560488170726,False,False,False,False,False
2026-08-23,新潟,11,1740,2,スカイダイバー,34.7,12.0,0.02292178279995988,0.0221328361392437,0.7680094140317564,0.9655809206639213,False,False,False,False,False
2026-08-23,新潟,11,1740,13,ポップグルーヴ,88.3,16.0,0.009007767419689785,0.008653132947061958,0.7640716392255709,0.9606301477264341,False,False,False,False,False
2026-08-23,新潟,11,1740,5,アルマグラース,81.4,15.0,0.009771325100228597,0.009287178852953293,0.7559763586303981,0.9504523447629455,False,False,False,False,False
2026-08-23,新潟,11,1740,10,ベルタソ,12.7,7.0,0.06262880812272503,0.05760444104114659,0.7315764012225617,0.9197754638451225,False,False,False,False,False
2026-08-23,新潟,11,1740,1,ルクスコロン,93.9,17.0,0.008470562972935122,0.007784962328067706,0.7310079626055577,0.9190607935909306,False,False,False,False,False
2026-08-23,新潟,11,1740,3,ジュエルドレーサー,11.6,5.0,0.06856774682401792,0.06099276573066004,0.7075160824756564,0.8895255941135211,False,False,False,False,False
2026-08-23,新潟,11,1740,12,シャルマンナナ,17.2,9.0,0.046243364137128366,0.0377998786266305,0.6501579123780445,0.817411953735462,False,False,False,False,False
2026-08-23,新潟,11,1740,7,ミエノブラボー,8.8,3.0,0.09038475717711453,0.07282397580260967,0.6408509870629652,0.805710808736329,False,False,False,False,False
2026-08-23,新潟,12,1810,11,メイショウソラル,92.3,12.0,0.008525757692402932,0.01024931494720039,0.9460117696265959,1.2021588364320126,False,False,False,False,False
2026-08-23,新潟,12,1810,7,クリムゾンリーフ,1.5,1.0,0.5246182900058605,0.609798773685346,0.9146981605280189,1.162366591676653,False,False,False,False,False
2026-08-23,新潟,12,1810,9,キチロクゴール,37.8,9.0,0.02081818611134367,0.021323639678845752,0.8060335798603694,1.024279423999705,False,False,False,False,False
2026-08-23,新潟,12,1810,5,カズシ,20.7,6.0,0.0380158181163667,0.03787621849333286,0.7840377228119901,0.9963278542998463,False,False,False,False,False
2026-08-23,新潟,12,1810,12,テンカラットレター,17.7,5.0,0.04445917711914072,0.04381721474371882,0.7755647009638231,0.9855606329891896,False,False,False,False,False
2026-08-23,新潟,12,1810,6,ドロワ,58.4,11.0,0.013474784846040935,0.01190337557139709,0.6951571333695901,0.8833814942057835,False,False,False,False,False
2026-08-23,新潟,12,1810,3,フォンドルレール,7.2,3.0,0.10929547708455427,0.0922790405268977,0.6644090917936635,0.8443079529769366,False,False,False,False,False
2026-08-23,新潟,12,1810,2,ブルーブロディ,55.2,10.0,0.014255931793637513,0.01185515345544607,0.6544044707406231,0.8315944286950839,False,False,False,False,False
2026-08-23,新潟,12,1810,10,パンパネイラ,22.0,7.0,0.03576942886403594,0.02942087645009786,0.647259281902153,0.8225145713656844,False,False,False,False,False
2026-08-23,新潟,12,1810,8,トルネードアイル,7.1,2.0,0.11083485000123813,0.07913300349619402,0.5618443248229775,0.7139722162777324,False,False,False,False,False
2026-08-23,新潟,12,1810,4,タニセンローマ,32.1,8.0,0.024514873364759836,0.017501471190252638,0.5617972252071097,0.7139123637249143,False,False,False,False,False
2026-08-23,新潟,12,1810,1,チャームドウイング,14.2,4.0,0.05541742500061907,0.03484191776127098,0.49475523221004786,0.6287177320289017,False,False,False,False,False
2026-08-23,中京,1,950,4,プリンキピッサ,4.7,2.0,0.16666360225421425,0.17865367582273295,0.8396722763668449,1.0719417641665399,True,False,False,False,False
2026-08-23,中京,1,950,1,ビバームス,9.4,4.0,0.08333180112710713,0.08852447916611171,0.8321301041614502,1.0623132821896424,True,False,False,False,False
2026-08-23,中京,1,950,3,パストザクラウン,14.9,6.0,0.0525717403083763,0.05453643544239289,0.8125928880916541,1.0373716967041997,True,False,False,False,False
2026-08-23,中京,1,950,6,ウインクローバー,12.0,5.0,0.06527657754956724,0.0669017216468314,0.8028206597619769,1.0248962822235912,True,False,False,False,False
2026-08-23,中京,1,950,7,レットミーゴー,79.8,7.0,0.009816026699183045,0.010011851921097993,0.7989457833036199,1.0199495404725465,True,False,False,False,False
2026-08-23,中京,1,950,5,ベニバナ,1.6,1.0,0.48957433162175434,0.4792889240937427,0.7668622785499883,0.9789911217486823,True,False,False,False,False
2026-08-23,中京,1,950,2,ラインエレガント,5.9,3.0,0.1327659204397978,0.12208291190709054,0.7202891802518343,0.9195350094563506,True,False,False,False,False
2026-08-23,中京,2,1020,6,ケイアイトリノ,11.8,5.0,0.06659441685302989,0.06851609964243242,0.8084899757807027,1.0288565150085116,True,False,False,False,False
2026-08-23,中京,2,1020,7,マンナット,4.1,2.0,0.1916619802111592,0.19468562042820783,0.7982110437556521,1.015775899913574,True,False,False,False,False
2026-08-23,中京,2,1020,2,キトゥンズクラフト,2.4,1.0,0.32742254952739697,0.33127202918585646,0.7950528700460555,1.0117569167548657,True,False,False,False,False
2026-08-23,中京,2,1020,8,リヴァイアサン,13.1,7.0,0.05998581060043914,0.059957663247962714,0.7854453885483116,0.9995307664896967,True,False,False,False,False
2026-08-23,中京,2,1020,4,エトワールハマー,6.2,3.0,0.1267442127202827,0.12501785362735066,0.7751106924895741,0.9863791880048834,True,False,False,False,False
2026-08-23,中京,2,1020,5,マスリュウオー,7.0,4.0,0.11225915983796467,0.10938729686581636,0.7657110780607145,0.9744175622168064,True,False,False,False,False
2026-08-23,中京,2,1020,3,バヤールロック,12.7,6.0,0.06187512746974431,0.06005331726585124,0.7626771292763107,0.9705566634220851,True,False,False,False,False
2026-08-23,中京,2,1020,1,コルソヴェローチェ,14.7,8.0,0.053456742779983184,0.05111011973652227,0.7513187601268774,0.9561023937968102,True,False,False,False,False
2026-08-23,中京,3,1050,9,ヴァーヴイレヴン,3.2,1.0,0.2483972124921711,0.2607015233786152,0.8342448748115686,1.0495348187002376,True,False,False,False,False
2026-08-23,中京,3,1050,8,ヴィスタグロッサ,17.2,8.0,0.04621343488226439,0.04816975982980536,0.8285198690726522,1.0423323856477018,True,False,False,False,False
2026-08-23,中京,3,1050,6,セーズアマゾネス,8.6,5.0,0.09242686976452878,0.094456920790094,0.8123295187948084,1.0219638621402745,True,False,False,False,False
2026-08-23,中京,3,1050,3,エイダンバローズ,3.9,2.0,0.20381309742947373,0.20165803247369452,0.7864663266474086,0.989426268561936,True,False,False,False,False
2026-08-23,中京,3,1050,7,スティルラブハー,7.2,4.0,0.1103987611076316,0.10813240262056933,0.7785532988680992,0.9794711601441549,True,False,False,False,False
2026-08-23,中京,3,1050,4,ファミーリエ,6.7,3.0,0.11863747462312647,0.11572801036424607,0.7753776694404487,0.9754760098516692,True,False,False,False,False
2026-08-23,中京,3,1050,5,コトテーラー,18.6,9.0,0.04273500429972835,0.041416228269465526,0.7703418458120589,0.9691406131373383,True,False,False,False,False
2026-08-23,中京,3,1050,2,サンクサンス,14.8,7.0,0.05370750540371266,0.05078763829979032,0.7516570468368968,0.9456339094140742,True,False,False,False,False
2026-08-23,中京,3,1050,1,ポッドハンター,9.5,6.0,0.08367063999736289,0.0789494839737197,0.7500200977503372,0.943574520001377,True,False,False,False,False
2026-08-23,中京,4,1120,3,アクシュラ,26.6,10.0,0.029898871948296216,0.040165568393687366,1.068404119272084,1.3433807289835293,False,True,True,False,False
2026-08-23,中京,4,1120,1,メイショウイッカク,31.4,12.0,0.025328343752378323,0.03203941834694803,1.0060377360941681,1.264963025619847,False,False,False,False,False
2026-08-23,中京,4,1120,9,キタノハイテイル,14.1,6.0,0.056404964101041094,0.06957297608571099,0.9809789628085249,1.233454842043359,False,False,False,False,False
2026-08-23,中京,4,1120,6,ニシノエビガタメ,17.3,7.0,0.045971675943623086,0.054260684909488315,0.9387098489341479,1.1803068692999223,False,False,False,False,False
2026-08-23,中京,4,1120,4,タイセイゼスティ,10.8,4.0,0.07363981424302586,0.08436179985572463,0.9111074384418261,1.1456003891768942,False,False,False,False,False
2026-08-23,中京,4,1120,13,メイショウゴッホ,65.9,14.0,0.012068436932089215,0.013407159764079071,0.8835318284528109,1.1109276072388692,False,False,False,False,False
2026-08-23,中京,4,1120,8,クリノリキオー,7.1,3.0,0.11201549208798302,0.11992205160180092,0.8514465663727865,1.0705845179665654,False,False,False,False,False
2026-08-23,中京,4,1120,14,ミニュイ,49.1,13.0,0.01619775954836414,0.016751562764228498,0.8225017317236193,1.0341901121701913,False,False,False,False,False
2026-08-23,中京,4,1120,2,グリーンゴー,2.5,1.0,0.31812399752987175,0.30720359690447946,0.7680089922611987,0.965672502828502,False,False,False,False,False
2026-08-23,中京,4,1120,12,インドミタビリティ,5.6,2.0,0.14201964175440704,0.1320103940601041,0.7392582067365828,0.9295220888416841,False,False,False,False,False
2026-08-23,中京,4,1120,7,グレートアゲイン,25.5,9.0,0.031188627208810955,0.02875487445568896,0.7332492986200685,0.9219666599357587,False,False,False,False,False
2026-08-23,中京,4,1120,5,レッドセドナ,27.6,11.0,0.028815579486401427,0.026067644562630006,0.7194669899285882,0.9046371798606994,False,False,False,False,False
2026-08-23,中京,4,1120,15,レディトゥフライト,21.7,8.0,0.03665023013016956,0.028894996113944013,0.6270214156725851,0.7883987634270915,False,False,False,False,False
2026-08-23,中京,4,1120,10,グランワールド,12.1,5.0,0.06572809866319665,0.04409398267675856,0.5335371903887786,0.6708543769492643,False,False,False,False,False
2026-08-23,中京,4,1120,11,チュウワヘネシー,133.7,15.0,0.005948466670341657,0.0024932895047271417,0.33335280678201884,0.41914826843670233,False,False,False,False,False
2026-08-23,中京,5,1150,4,エレガンシア,10.9,6.0,0.07284478285910044,0.08839300846752914,0.9634837922960676,1.2134432281650527,False,False,False,False,False
2026-08-23,中京,5,1150,6,ヴィスコンテッサ,2.1,1.0,0.378099111030569,0.40576421351028097,0.8521048483715901,1.0731689170183616,False,False,False,False,False
2026-08-23,中京,5,1150,11,シルバーリム,8.7,4.0,0.09126530266255116,0.09562969015319316,0.8319783043327804,1.0478208844250383,False,False,False,False,False
2026-08-23,中京,5,1150,8,オモイヲノセテ,22.6,9.0,0.03513310323735376,0.03455957584194957,0.7810464140280603,0.9836755839206821,False,False,False,False,False
2026-08-23,中京,5,1150,3,ブルーミングローズ,8.3,3.0,0.09566363050171023,0.09052249643935684,0.7513367204466618,0.9462582170947246,False,False,False,False,False
2026-08-23,中京,5,1150,9,シェーラ,14.8,7.0,0.05364919818676992,0.05006098621803518,0.7409025960269208,0.9331171370680502,False,False,False,False,False
2026-08-23,中京,5,1150,10,メイショウピリカ,7.3,2.0,0.10876823741975272,0.09948839520433565,0.7262652849916502,0.9146824253517616,False,False,False,False,False
2026-08-23,中京,5,1150,2,カポレイラ,50.5,11.0,0.01572293332998406,0.013244242140478082,0.6688342280941432,0.8423518603377242,False,False,False,False,False
2026-08-23,中京,5,1150,1,ベルシュヴァル,9.6,5.0,0.08270918053793698,0.06922864692126549,0.6645950104441486,0.8370128499763305,False,False,False,False,False
2026-08-23,中京,5,1150,7,アグレイビューティ,26.0,10.0,0.030538774352469038,0.025513881908659587,0.6633609296251493,0.8354586079384292,False,False,False,False,False
2026-08-23,中京,5,1150,5,マーゴットレジーナ,22.3,8.0,0.035605745881802466,0.02759486319491612,0.6153654492466295,0.7750115188295892,False,False,False,False,False
2026-08-23,中京,6,1500,14,ワンモアスマイル,28.3,13.0,0.028075119380615077,0.035240158173583704,0.9972964763124188,1.2552095574673083,False,False,False,False,False
2026-08-23,中京,6,1500,2,テーオーシュタイン,22.0,10.0,0.03611481265779121,0.041866551750919655,0.9210641385202324,1.1592626036200022,False,False,False,False,False
2026-08-23,中京,6,1500,4,ミッキースターダム,11.8,6.0,0.06733270156537344,0.07580322533909235,0.8944780590012898,1.1258010383779844,False,False,False,False,False
2026-08-23,中京,6,1500,10,サーディンラン,3.2,1.0,0.2482893370223146,0.2673252505431488,0.8554408017380762,1.0766682683562985,False,False,False,False,False
2026-08-23,中京,6,1500,8,アロンソア,12.9,7.0,0.061591153369876486,0.06367209796950737,0.8213700638066451,1.0337864203830391,False,False,False,False,False
2026-08-23,中京,6,1500,3,ジーティーマン,6.9,3.0,0.1151486780393343,0.11753716138371804,0.8110064135476546,1.0207426032591347,False,False,False,False,False
2026-08-23,中京,6,1500,12,リカントロポ,15.6,8.0,0.05093114605585941,0.051730215919535964,0.806991368344761,1.0156892182005912,False,False,False,False,False
2026-08-23,中京,6,1500,9,オックスアイ,23.2,11.0,0.034246805106526154,0.03377867636214203,0.7836652916016951,0.9863307323726115,False,False,False,False,False
2026-08-23,中京,6,1500,1,ギフテッド,20.7,9.0,0.0383828926797781,0.037013283603704906,0.7661749705966915,0.9643172001782251,False,False,False,False,False
2026-08-23,中京,6,1500,11,コルドンブルー,9.9,4.0,0.08025513923953603,0.07283842764519227,0.7211004336874035,0.9075858360645636,False,False,False,False,False
2026-08-23,中京,6,1500,6,アイキャンドウイッ,27.0,12.0,0.029426884387829876,0.02617416387322067,0.7067024245769581,0.8894643254875314,False,False,False,False,False
2026-08-23,中京,6,1500,5,ビップディラン,6.2,2.0,0.12814933523732366,0.11325368002051127,0.7021728161271699,0.8837633048253689,False,False,False,False,False
2026-08-23,中京,6,1500,7,セブンマイスター,10.5,5.0,0.0756691312829911,0.0601252020811581,0.63131462185216,0.794580313817783,False,False,False,False,False
2026-08-23,中京,6,1500,13,ムーンウォーリア,124.4,14.0,0.006386863974850536,0.0036419053345648302,0.4530530236198649,0.5702180833826287,False,False,False,False,False
2026-08-23,中京,7,1535,2,スナークラファエロ,5.4,2.0,0.14764121994195945,0.18806140011212188,1.0155315606054582,1.273773003135929,False,False,False,False,False
2026-08-23,中京,7,1535,8,マンマリアーレ,46.2,12.0,0.017256765967242016,0.021963570584716638,1.0147169610139086,1.2727512574725417,False,False,False,False,False
2026-08-23,中京,7,1535,12,ブルーサン,47.1,13.0,0.016927018846848853,0.01908925747361054,0.8991040270070565,1.1277388916692919,False,False,False,False,False
2026-08-23,中京,7,1535,3,マリアナトレンチ,29.1,11.0,0.02739733978304402,0.029836927944884524,0.8682546031961397,1.0890447094922093,False,False,False,False,False
2026-08-23,中京,7,1535,14,メイショウユズルハ,55.7,14.0,0.014313511448592121,0.015447102543296681,0.8604036116616252,1.0791972744616807,False,False,False,False,False
2026-08-23,中京,7,1535,10,ミッキークレスト,16.0,9.0,0.04982891173041132,0.05232551518560334,0.8372082429696535,1.0501035115657225,False,False,False,False,False
2026-08-23,中京,7,1535,7,ペイシャモノノフ,17.7,10.0,0.045043084050089326,0.046615474797416415,0.8250939039142705,1.0349085943044785,False,False,False,False,False
2026-08-23,中京,7,1535,16,ラインオブソウル,56.0,16.0,0.014236831922974662,0.013737549062570338,0.7693027475039389,0.964930199140821,False,False,False,False,False
2026-08-23,中京,7,1535,13,ハピ,8.5,3.0,0.09379559855136248,0.0903426745428833,0.7679127336145081,0.9631867159887215,False,False,False,False,False
2026-08-23,中京,7,1535,1,トリポリタニア,3.8,1.0,0.20980594412804765,0.19643499333064163,0.7464529746564381,0.936269914310695,False,False,False,False,False
2026-08-23,中京,7,1535,6,リチュアル,15.7,8.0,0.050781056540546564,0.04742457442021598,0.7445658183973908,0.9339028695149229,False,False,False,False,False
2026-08-23,中京,7,1535,9,マーズオデッセイ,9.6,5.0,0.0830481862173522,0.07647645039449169,0.7341739237871202,0.9208684003566184,False,False,False,False,False
2026-08-23,中京,7,1535,15,レッドプロフェシー,12.2,6.0,0.06534939243332633,0.05920623408450515,0.7223160558309628,0.9059951727158164,False,False,False,False,False
2026-08-23,中京,7,1535,4,ロードプレジール,13.6,7.0,0.05862224909460155,0.0526570559019555,0.7161359602665948,0.898243528954003,False,False,False,False,False
2026-08-23,中京,7,1535,5,ハギノサステナブル,8.7,4.0,0.09163937789500934,0.0786218626890088,0.6840102053943765,0.8579484550744699,False,False,False,False,False
2026-08-23,中京,7,1535,11,マリオロード,55.7,14.0,0.014313511448592121,0.011759356932077455,0.6549961811167143,0.8215563996516109,False,False,False,False,False
2026-08-23,中京,8,1610,9,ベルピルエット,27.4,12.0,0.0290428797494305,0.03945789100118124,1.081146213432366,1.358608076802541,False,True,True,False,False
2026-08-23,中京,8,1610,14,ジャスパーノベル,29.5,13.0,0.02697542051303036,0.032857022724806034,0.969282170381778,1.2180356079689134,False,False,False,False,False
2026-08-23,中京,8,1610,8,ラッキーバック,18.0,9.0,0.044209716951910866,0.053392879842048456,0.9610718371568722,1.2077182014109382,False,False,False,False,False
2026-08-23,中京,8,1610,16,アパレイユ,4.8,2.0,0.16578643856966577,0.18557439387848232,0.8907570906167152,1.1193581060039564,False,False,False,False,False
2026-08-23,中京,8,1610,12,ケイアイマウンガ,12.6,6.0,0.0631567385027298,0.06951144953712236,0.8758442641677417,1.1006181000641426,False,False,False,False,False
2026-08-23,中京,8,1610,4,ワイルドブッター,17.3,8.0,0.04599854942973385,0.049196409706292056,0.8510978879188527,1.0695208939456486,False,False,False,False,False
2026-08-23,中京,8,1610,1,リトムテール,74.3,16.0,0.010710294820112997,0.010446791253303112,0.7761965901204212,0.9753971696171193,False,False,False,False,False
2026-08-23,中京,8,1610,2,ヴェルジーネ,7.6,3.0,0.1047072243597889,0.1014954957704896,0.7713657678557209,0.9693265807690274,False,False,False,False,False
2026-08-23,中京,8,1610,10,ゼンノフォトン,11.1,5.0,0.07169143289499061,0.06889764223556524,0.7647638288147742,0.9610303414702627,False,False,False,False,False
2026-08-23,中京,8,1610,15,カフジキアッキエレ,38.1,14.0,0.020886480449721672,0.019586348191499,0.7462398660961119,0.9377524489416791,False,False,False,False,False
2026-08-23,中京,8,1610,6,オドラニャソンソン,56.6,15.0,0.01405962729919427,0.013174855602359507,0.7456968270935481,0.9370700461679047,False,False,False,False,False
2026-08-23,中京,8,1610,3,オプティモ,8.4,4.0,0.09473510775409472,0.08843686535382968,0.7428696689721693,0.9335173353408381,False,False,False,False,False
2026-08-23,中京,8,1610,5,サンライズブレイク,20.8,10.0,0.0382584089006921,0.03528859226700091,0.7340027191536189,0.9223748002328067,False,False,False,False,False
2026-08-23,中京,8,1610,13,コマチチャン,14.2,7.0,0.05604048627707012,0.048832718915803895,0.6934246086044152,0.8713828547876931,False,False,False,False,False
2026-08-23,中京,8,1610,11,カーリキュー,4.4,1.0,0.18085793298508993,0.15594349644538738,0.6861513843597046,0.8622430538241499,False,False,False,False,False
2026-08-23,中京,8,1610,7,ジャスパーメルチェ,24.2,11.0,0.032883260542743625,0.02790714727482936,0.6753529640508705,0.8486733618934772,False,False,False,False,False
2026-08-23,中京,10,1720,3,アルダ,11.7,5.0,0.06735888523128297,0.09390746215761799,1.0987173072441303,1.3941362276881217,False,True,True,True,True
2026-08-23,中京,10,1720,5,エクスマウス,22.2,9.0,0.03549995302729779,0.04407100975352276,0.9783764165282052,1.2414385371055063,False,False,False,False,False
2026-08-23,中京,10,1720,4,サトノディヴァイン,20.7,8.0,0.03807241339159473,0.04206950154440198,0.8708386819691208,1.1049864664920268,False,False,False,False,False
2026-08-23,中京,10,1720,9,サラサキングスター,51.4,12.0,0.015332664537081923,0.016494039230994913,0.8477936164731384,1.0757451316504196,False,False,False,False,False
2026-08-23,中京,10,1720,6,ロードファイター,13.0,6.0,0.06062299670815468,0.06502682108668091,0.8453486741268519,1.0726428025280026,False,False,False,False,False
2026-08-23,中京,10,1720,10,ボクサークラブ,9.9,3.0,0.07960595527333443,0.07890339198412753,0.7811435806428626,0.9911744883056226,False,False,False,False,False
2026-08-23,中京,10,1720,14,ブクブクー,17.6,7.0,0.04477834984125061,0.04413843058144787,0.7768363782334825,0.9857091817346686,False,False,False,False,False
2026-08-23,中京,10,1720,2,ギレイ,26.2,10.0,0.03008011287045843,0.0291062017262945,0.7625824852289158,0.9676227563254789,False,False,False,False,False
2026-08-23,中京,10,1720,11,ラミエルノムスコ,11.2,4.0,0.07036597832196526,0.06671362643649754,0.7471926160887724,0.9480949178485648,False,False,False,False,False
2026-08-23,中京,10,1720,12,メイショウナナシロ,2.0,1.0,0.39404947860300543,0.3710126348425393,0.7420252696850786,0.9415381950456148,False,False,False,False,False
2026-08-23,中京,10,1720,7,グランセンチュリ,68.7,13.0,0.01147160054157221,0.01078263212196642,0.7407668267790931,0.9399413868091885,False,False,False,False,False
2026-08-23,中京,10,1720,1,ドリームゴーズオン,42.2,11.0,0.01867533073947893,0.017092338553991837,0.7212966869784556,0.915236190053614,False,False,False,False,False
2026-08-23,中京,10,1720,13,アビル,6.4,2.0,0.12314046206343919,0.1121073268809688,0.7174868920382004,0.9104020319755958,False,False,False,False,False
2026-08-23,中京,10,1720,8,セキゾウ,72.0,14.0,0.010945818850083482,0.008574583098947482,0.6173699831242188,0.7833660703129657,False,False,False,False,False
2026-08-23,中京,11,1750,4,エルハーベン,4.9,1.0,0.16218458486062892,0.2077968785825753,1.018204705054619,1.2812369237257826,False,True,False,True,False
2026-08-23,中京,11,1750,17,リアライズブラーヴ,22.8,10.0,0.03485545902706499,0.037360529456608754,0.8518200716106796,1.0718702464253476,False,False,False,False,False
2026-08-23,中京,11,1750,10,クインズセレネ,59.7,16.0,0.01331163259325095,0.013426397638429082,0.8015559390142162,1.0086214102120215,False,False,False,False,False
2026-08-23,中京,11,1750,6,ベルサ,8.9,5.0,0.08929263660866088,0.08992682377593264,0.8003487316058006,1.0071023456284665,False,False,False,False,False
2026-08-23,中京,11,1750,13,エンヴェロップ,12.0,7.0,0.06622537215142348,0.0666832424681251,0.8001989096175012,1.0069138202146257,False,False,False,False,False
2026-08-23,中京,11,1750,7,アラビアンジョイ,8.9,5.0,0.08929263660866088,0.08846084448984909,0.7873015159596569,0.990684650488514,False,False,False,False,False
2026-08-23,中京,11,1750,5,ペールノエル,8.6,4.0,0.09240749602524208,0.09103614943859753,0.7829108851719387,0.9851597906486942,False,False,False,False,False
2026-08-23,中京,11,1750,3,リピ,35.3,12.0,0.02251287438575303,0.02201712754937111,0.7772046024928001,0.9779794073432202,False,False,False,False,False
2026-08-23,中京,11,1750,12,ルクスノア,18.6,9.0,0.04272604654930547,0.04172543382951435,0.776093069228967,0.9765807323493779,False,False,False,False,False
2026-08-23,中京,11,1750,11,ペアレンツギフト,12.4,8.0,0.0640890698239582,0.05899560191375724,0.7315454637305898,0.9205251702951555,False,False,False,False,False
2026-08-23,中京,11,1750,16,ホウオウドルーリー,61.8,17.0,0.012859295563383203,0.011791384849209559,0.7287075836811507,0.9169541823725931,False,False,False,False,False
2026-08-23,中京,11,1750,9,メイクワンズデイ,7.1,3.0,0.11193020645311012,0.10245052170192269,0.727398704083651,0.915307180683539,False,False,False,False,False
2026-08-23,中京,11,1750,14,チリーゴールド,31.0,11.0,0.025635627929583283,0.023391411461797847,0.7251337553157333,0.9124571290412734,False,False,False,False,False
2026-08-23,中京,11,1750,8,ロンティケチャップ,44.7,13.0,0.017778623396355296,0.015655673239563937,0.699808593808508,0.8805897335545915,False,False,False,False,False
2026-08-23,中京,11,1750,15,ダンデノン,6.4,2.0,0.12417257278391904,0.10425905012110845,0.6672579207750942,0.8396302644267231,False,False,False,False,False
2026-08-23,中京,11,1750,1,オンザマーチ,52.8,15.0,0.015051220943505339,0.012430942669443105,0.6563537729465959,0.8259092545450345,False,False,False,False,False
2026-08-23,中京,11,1750,2,バーケンティン,50.7,14.0,0.015674644296194907,0.012591986814194031,0.6384137314796374,0.8033347727865694,False,False,False,False,False
2026-08-23,中京,12,1820,10,フルドフォルク,56.1,12.0,0.014189332910738844,0.021009001892922926,1.1786050061929763,1.4806194220041722,False,True,True,False,False
2026-08-23,中京,12,1820,16,ヤマニンコルザ,9.2,5.0,0.08652408437961405,0.10192707861721134,0.9377291232783442,1.1780197311307972,False,False,False,False,False
2026-08-23,中京,12,1820,13,アルミラージ,6.1,2.0,0.13049534037581134,0.15322793592417022,0.9346904091374383,1.1742023545276916,False,False,False,False,False
2026-08-23,中京,12,1820,8,ユウトザイシン,56.1,12.0,0.014189332910738844,0.016538454823721165,0.9278073156107574,1.1655554864883357,False,False,False,False,False
2026-08-23,中京,12,1820,3,スターペスアンナ,63.9,15.0,0.01245730166341861,0.013594404778542056,0.8686824653488374,1.0912800497127397,False,False,False,False,False
2026-08-23,中京,12,1820,15,イッタレイッタレ,18.4,10.0,0.043262042189807025,0.04688788172617263,0.8627370237615762,1.0838111044424965,False,False,False,False,False
2026-08-23,中京,12,1820,14,マクアケ,9.8,7.0,0.08122669145841317,0.08526385915762559,0.8355858197447309,1.0497024762024116,False,False,False,False,False
2026-08-23,中京,12,1820,2,ラッキーラグーン,61.4,14.0,0.012964520786521974,0.013601537525127416,0.8351344040428234,1.0491353864207376,False,False,False,False,False
2026-08-23,中京,12,1820,5,ヒッグスボソン,9.6,6.0,0.08291891419713013,0.08543252775220049,0.8201522664211247,1.0303141156563451,False,False,False,False,False
2026-08-23,中京,12,1820,1,ロードフリューゲル,18.9,11.0,0.04211754371917721,0.04234482719299412,0.8003172339475888,1.005396408568656,False,False,False,False,False
2026-08-23,中京,12,1820,9,シャインゴーツ,7.8,4.0,0.10205404824262171,0.09719265524487454,0.7581027109100213,0.9523645256463539,False,False,False,False,False
2026-08-23,中京,12,1820,11,ファイアプレイス,13.3,9.0,0.05985124633777813,0.05446062542803668,0.724326318192888,0.9099330216229953,False,False,False,False,False
2026-08-23,中京,12,1820,4,エバイダンス,5.7,1.0,0.13965290812148232,0.12424720379621045,0.7082090616383996,0.889685760701305,False,False,False,False,False
2026-08-23,中京,12,1820,7,アスターエポワス,7.5,3.0,0.10613621017232655,0.08974017596570666,0.6730513197428,0.8455189404257162,False,False,False,False,False
2026-08-23,中京,12,1820,6,ルナフィオーレ,13.0,8.0,0.061232428945573014,0.04721198362317866,0.6137557871013226,0.7710290843622004,False,False,False,False,False
2026-08-23,中京,12,1820,12,イットガール,74.2,16.0,0.010728053588847023,0.0073198465513049865,0.54313261410683,0.6823089100631229,False,False,False,False,False
