race_date,race_code,umaban,bamei,chaku,odds_fin
2026-08-29,2026082901020301,1,アズライトアスール　　　　　　　　　,2.0,144.1
2026-08-29,2026082901020301,2,ロードステラート　　　　　　　　　　,3.0,5.2
2026-08-29,2026082901020301,3,アスコットダンス　　　　　　　　　　,10.0,104.3
2026-08-29,2026082901020301,4,ショウナンタヅナ　　　　　　　　　　,7.0,22.4
2026-08-29,2026082901020301,5,フロムザムーン　　　　　　　　　　　,8.0,13.9
2026-08-29,2026082901020301,6,ワンダーアスク　　　　　　　　　　　,4.0,10.3
2026-08-29,2026082901020301,7,ダリアフレイバー　　　　　　　　　　,13.0,184.0
2026-08-29,2026082901020301,8,アイムスティルミー　　　　　　　　　,9.0,83.2
2026-08-29,2026082901020301,9,ゴールデンダガー　　　　　　　　　　,5.0,5.2
2026-08-29,2026082901020301,10,クールフィデル　　　　　　　　　　　,6.0,16.6
2026-08-29,2026082901020301,11,メイショウタイザン　　　　　　　　　,12.0,8.4
2026-08-29,2026082901020301,12,サンオブザサン　　　　　　　　　　　,11.0,7.1
2026-08-29,2026082901020301,13,ベルアズーロ　　　　　　　　　　　　,1.0,4.5
2026-08-29,2026082901020301,14,アーデルブリックス　　　　　　　　　,14.0,12.3
2026-08-29,2026082901020302,1,セールデュクール　　　　　　　　　　,6.0,296.7
2026-08-29,2026082901020302,2,ロゼハイスクール　　　　　　　　　　,13.0,193.9
2026-08-29,2026082901020302,3,フォルトゥナロッサ　　　　　　　　　,4.0,2.0
2026-08-29,2026082901020302,4,セイレイカ　　　　　　　　　　　　　,7.0,11.9
2026-08-29,2026082901020302,5,タプティ　　　　　　　　　　　　　　,1.0,9.7
2026-08-29,2026082901020302,6,ルギッドドランジュ　　　　　　　　　,3.0,6.3
2026-08-29,2026082901020302,7,コイゾラ　　　　　　　　　　　　　　,9.0,57.2
2026-08-29,2026082901020302,8,リラカリス　　　　　　　　　　　　　,12.0,82.8
2026-08-29,2026082901020302,9,ソーハッピー　　　　　　　　　　　　,11.0,11.5
2026-08-29,2026082901020302,10,アヴレディール　　　　　　　　　　　,5.0,4.9
2026-08-29,2026082901020302,11,ルイスイメル　　　　　　　　　　　　,10.0,350.0
2026-08-29,2026082901020302,12,バタフライ　　　　　　　　　　　　　,2.0,18.1
2026-08-29,2026082901020302,13,サトノパラディ　　　　　　　　　　　,8.0,37.5
2026-08-29,2026082901020303,1,ダノンキューブ　　　　　　　　　　　,4.0,1.1
2026-08-29,2026082901020303,2,サンゴート　　　　　　　　　　　　　,7.0,267.3
2026-08-29,2026082901020303,3,エコロナイン　　　　　　　　　　　　,3.0,11.2
2026-08-29,2026082901020303,4,アイアムツヨスギル　　　　　　　　　,10.0,199.1
2026-08-29,2026082901020303,5,ロマノヴェリテ　　　　　　　　　　　,1.0,15.5
2026-08-29,2026082901020303,6,チェッリーニ　　　　　　　　　　　　,5.0,195.7
2026-08-29,2026082901020303,7,マシュマロデイズ　　　　　　　　　　,8.0,30.4
2026-08-29,2026082901020303,8,トルネードサンダー　　　　　　　　　,6.0,62.5
2026-08-29,2026082901020303,9,イドム　　　　　　　　　　　　　　　,2.0,18.3
2026-08-29,2026082901020303,10,マイネルサリーレ　　　　　　　　　　,9.0,177.3
2026-08-29,2026082901020303,11,シャイニーヒーロー　　　　　　　　　,11.0,558.7
2026-08-29,2026082901020304,1,ニシノギャルズ　　　　　　　　　　　,11.0,19.3
2026-08-29,2026082901020304,2,ゲレイロ　　　　　　　　　　　　　　,6.0,23.2
2026-08-29,2026082901020304,3,ハクサンレイホウ　　　　　　　　　　,3.0,82.5
2026-08-29,2026082901020304,4,オスロクィーン　　　　　　　　　　　,2.0,49.7
2026-08-29,2026082901020304,5,アニマレイ　　　　　　　　　　　　　,1.0,4.5
2026-08-29,2026082901020304,6,ハイティー　　　　　　　　　　　　　,4.0,2.8
2026-08-29,2026082901020304,7,フェイスリフト　　　　　　　　　　　,7.0,3.9
2026-08-29,2026082901020304,8,ジューンマロン　　　　　　　　　　　,10.0,153.1
2026-08-29,2026082901020304,9,ディースカウ　　　　　　　　　　　　,12.0,159.8
2026-08-29,2026082901020304,10,マッシブショット　　　　　　　　　　,9.0,27.8
2026-08-29,2026082901020304,11,ミスマラッカ　　　　　　　　　　　　,8.0,96.7
2026-08-29,2026082901020304,12,スマートコーラル　　　　　　　　　　,5.0,4.0
2026-08-29,2026082901020305,1,ユーフォナイト　　　　　　　　　　　,1.0,4.9
2026-08-29,2026082901020305,2,ハイネスプラウド　　　　　　　　　　,10.0,31.8
2026-08-29,2026082901020305,3,ロンバルディア　　　　　　　　　　　,5.0,15.7
2026-08-29,2026082901020305,4,ウィナーズクロノ　　　　　　　　　　,14.0,149.2
2026-08-29,2026082901020305,5,フィールザウィル　　　　　　　　　　,2.0,17.1
2026-08-29,2026082901020305,6,コスモセイント　　　　　　　　　　　,11.0,51.9
2026-08-29,2026082901020305,7,フクノブロッサム　　　　　　　　　　,13.0,164.6
2026-08-29,2026082901020305,8,テンラッキーロード　　　　　　　　　,9.0,8.9
2026-08-29,2026082901020305,9,ハリケンライズ　　　　　　　　　　　,6.0,43.1
2026-08-29,2026082901020305,10,ゴーストミステリー　　　　　　　　　,7.0,2.2
2026-08-29,2026082901020305,11,モントリオール　　　　　　　　　　　,4.0,4.7
2026-08-29,2026082901020305,12,リュウノタキノボリ　　　　　　　　　,3.0,68.8
2026-08-29,2026082901020305,13,ルクシエル　　　　　　　　　　　　　,12.0,28.0
2026-08-29,2026082901020305,14,ルボワ　　　　　　　　　　　　　　　,8.0,40.8
2026-08-29,2026082901020306,1,ヒルノボローニャ　　　　　　　　　　,3.0,17.8
2026-08-29,2026082901020306,2,フレンチブラッサム　　　　　　　　　,5.0,38.8
2026-08-29,2026082901020306,3,イトシサ　　　　　　　　　　　　　　,12.0,8.3
2026-08-29,2026082901020306,4,ヒメヒオウギ　　　　　　　　　　　　,4.0,19.2
2026-08-29,2026082901020306,5,グリニッジローズ　　　　　　　　　　,14.0,186.2
2026-08-29,2026082901020306,6,エイシンキーンラン　　　　　　　　　,7.0,9.0
2026-08-29,2026082901020306,7,ランウェイミューズ　　　　　　　　　,2.0,7.7
2026-08-29,2026082901020306,8,サートゥルチェア　　　　　　　　　　,6.0,10.8
2026-08-29,2026082901020306,9,ハイバーニアン　　　　　　　　　　　,11.0,108.4
2026-08-29,2026082901020306,10,ジャーナーリア　　　　　　　　　　　,13.0,46.1
2026-08-29,2026082901020306,11,ペカリーナ　　　　　　　　　　　　　,1.0,3.0
2026-08-29,2026082901020306,12,サウンドファミリエ　　　　　　　　　,9.0,5.2
2026-08-29,2026082901020306,13,シンデレラカラー　　　　　　　　　　,8.0,267.7
2026-08-29,2026082901020306,14,ビロングトゥミー　　　　　　　　　　,10.0,9.2
2026-08-29,2026082901020307,1,ハッピーラッキー　　　　　　　　　　,14.0,10.3
2026-08-29,2026082901020307,2,プリュノワール　　　　　　　　　　　,12.0,21.9
2026-08-29,2026082901020307,3,レッドカメリア　　　　　　　　　　　,16.0,84.3
2026-08-29,2026082901020307,4,ニルマーネル　　　　　　　　　　　　,5.0,6.4
2026-08-29,2026082901020307,5,グロリアスマーチ　　　　　　　　　　,8.0,7.5
2026-08-29,2026082901020307,6,ロードヴェルテクス　　　　　　　　　,15.0,180.1
2026-08-29,2026082901020307,7,ミレニアルピンク　　　　　　　　　　,10.0,14.5
2026-08-29,2026082901020307,8,ジーティーエスピ　　　　　　　　　　,7.0,10.5
2026-08-29,2026082901020307,9,ラプランセス　　　　　　　　　　　　,4.0,6.0
2026-08-29,2026082901020307,10,ハルヒメ　　　　　　　　　　　　　　,11.0,8.2
2026-08-29,2026082901020307,11,ペガサスノース　　　　　　　　　　　,3.0,89.7
2026-08-29,2026082901020307,12,ペイシャアーサー　　　　　　　　　　,9.0,82.9
2026-08-29,2026082901020307,13,ナンナンプー　　　　　　　　　　　　,13.0,48.7
2026-08-29,2026082901020307,14,マグネシアブリック　　　　　　　　　,6.0,8.7
2026-08-29,2026082901020307,15,ツルノマイハシ　　　　　　　　　　　,1.0,5.8
2026-08-29,2026082901020307,16,スプリングデイ　　　　　　　　　　　,2.0,43.8
2026-08-29,2026082901020308,1,エコロゼルダ　　　　　　　　　　　　,10.0,74.2
2026-08-29,2026082901020308,2,ガビーズメロディ　　　　　　　　　　,9.0,160.5
2026-08-29,2026082901020308,3,ロードアルディート　　　　　　　　　,4.0,5.2
2026-08-29,2026082901020308,4,エタンセル　　　　　　　　　　　　　,8.0,8.7
2026-08-29,2026082901020308,5,アチーヴァー　　　　　　　　　　　　,2.0,2.8
2026-08-29,2026082901020308,6,レッドフロイデ　　　　　　　　　　　,3.0,5.5
2026-08-29,2026082901020308,7,グローリーバローズ　　　　　　　　　,,
2026-08-29,2026082901020308,8,ピエナオルカ　　　　　　　　　　　　,5.0,4.2
2026-08-29,2026082901020308,9,スターオブロンドン　　　　　　　　　,1.0,7.2
2026-08-29,2026082901020308,10,ルージュエピック　　　　　　　　　　,6.0,179.5
2026-08-29,2026082901020308,11,ノリノドラゴン　　　　　　　　　　　,7.0,61.3
2026-08-29,2026082901020309,1,ミエノストロング　　　　　　　　　　,12.0,12.5
2026-08-29,2026082901020309,2,マイバラード　　　　　　　　　　　　,2.0,45.3
2026-08-29,2026082901020309,3,アイドクレース　　　　　　　　　　　,1.0,2.2
2026-08-29,2026082901020309,4,ウインイルネージュ　　　　　　　　　,9.0,194.9
2026-08-29,2026082901020309,5,カージオイド　　　　　　　　　　　　,3.0,12.0
2026-08-29,2026082901020309,6,ブランドブラン　　　　　　　　　　　,8.0,5.6
2026-08-29,2026082901020309,7,グランセゾン　　　　　　　　　　　　,5.0,4.6
2026-08-29,2026082901020309,8,キタノサリスカ　　　　　　　　　　　,6.0,8.0
2026-08-29,2026082901020309,9,カイシンパジェント　　　　　　　　　,4.0,69.6
2026-08-29,2026082901020309,10,エオアリイ　　　　　　　　　　　　　,7.0,30.3
2026-08-29,2026082901020309,11,エイトスターズ　　　　　　　　　　　,11.0,157.0
2026-08-29,2026082901020309,12,コスモキャバリエ　　　　　　　　　　,10.0,18.1
2026-08-29,2026082901020310,1,ルアシュエル　　　　　　　　　　　　,8.0,19.8
2026-08-29,2026082901020310,2,ルベルグラン　　　　　　　　　　　　,12.0,82.1
2026-08-29,2026082901020310,3,ワールドエンジェル　　　　　　　　　,1.0,4.6
2026-08-29,2026082901020310,4,スハッチェ　　　　　　　　　　　　　,4.0,151.3
2026-08-29,2026082901020310,5,ピンクゴールド　　　　　　　　　　　,3.0,99.8
2026-08-29,2026082901020310,6,トラデスカンティア　　　　　　　　　,11.0,33.2
2026-08-29,2026082901020310,7,ピクニックマーチ　　　　　　　　　　,6.0,14.6
2026-08-29,2026082901020310,8,タイフーンナイン　　　　　　　　　　,10.0,5.3
2026-08-29,2026082901020310,9,ムーンベリル　　　　　　　　　　　　,9.0,8.4
2026-08-29,2026082901020310,10,ヌーンベルク　　　　　　　　　　　　,7.0,8.9
2026-08-29,2026082901020310,11,ラビリンスティアラ　　　　　　　　　,5.0,15.6
2026-08-29,2026082901020310,12,ウインガラハッド　　　　　　　　　　,2.0,2.6
2026-08-29,2026082901020311,1,エボルヴィング　　　　　　　　　　　,13.0,18.1
2026-08-29,2026082901020311,2,マイネルバーテクス　　　　　　　　　,11.0,71.4
2026-08-29,2026082901020311,3,マイネルフォルツァ　　　　　　　　　,4.0,29.3
2026-08-29,2026082901020311,4,ウィルサヴァイブ　　　　　　　　　　,7.0,12.8
2026-08-29,2026082901020311,5,ハニードレス　　　　　　　　　　　　,3.0,15.2
2026-08-29,2026082901020311,6,アリスメティーク　　　　　　　　　　,12.0,2.5
2026-08-29,2026082901020311,7,メイショウアイル　　　　　　　　　　,6.0,7.4
2026-08-29,2026082901020311,8,レジェンドシップ　　　　　　　　　　,1.0,11.7
2026-08-29,2026082901020311,9,ナグルファル　　　　　　　　　　　　,9.0,35.1
2026-08-29,2026082901020311,10,ドッビアーコ　　　　　　　　　　　　,8.0,59.5
2026-08-29,2026082901020311,11,フォルテフィオーレ　　　　　　　　　,14.0,35.8
2026-08-29,2026082901020311,12,バルティカ　　　　　　　　　　　　　,2.0,5.4
2026-08-29,2026082901020311,13,コリカンチャ　　　　　　　　　　　　,10.0,32.5
2026-08-29,2026082901020311,14,バースライト　　　　　　　　　　　　,5.0,9.9
2026-08-29,2026082901020312,1,エンプレスフレーム　　　　　　　　　,9.0,141.0
2026-08-29,2026082901020312,2,ルージュマローネ　　　　　　　　　　,12.0,137.4
2026-08-29,2026082901020312,3,ディアウス　　　　　　　　　　　　　,8.0,17.0
2026-08-29,2026082901020312,4,アラナコア　　　　　　　　　　　　　,4.0,22.8
2026-08-29,2026082901020312,5,ホレーショ　　　　　　　　　　　　　,7.0,26.9
2026-08-29,2026082901020312,6,レディゴディヴァ　　　　　　　　　　,6.0,320.6
2026-08-29,2026082901020312,7,リメンバーヒム　　　　　　　　　　　,3.0,94.1
2026-08-29,2026082901020312,8,ヤコブセン　　　　　　　　　　　　　,10.0,229.4
2026-08-29,2026082901020312,9,マーゴットサンズ　　　　　　　　　　,5.0,11.0
2026-08-29,2026082901020312,10,オンザムービー　　　　　　　　　　　,1.0,1.2
2026-08-29,2026082901020312,11,タガノエルー　　　　　　　　　　　　,2.0,4.9
2026-08-29,2026082901020312,12,シャンハイナイト　　　　　　　　　　,11.0,105.0
2026-08-29,2026082904030301,1,ウインシュクラン　　　　　　　　　　,2.0,5.5
2026-08-29,2026082904030301,2,ホウオウサンデー　　　　　　　　　　,7.0,7.6
2026-08-29,2026082904030301,3,コスモグラニット　　　　　　　　　　,11.0,51.7
2026-08-29,2026082904030301,4,アスクアットバット　　　　　　　　　,6.0,80.9
2026-08-29,2026082904030301,5,ワールドシリーズ　　　　　　　　　　,9.0,112.3
2026-08-29,2026082904030301,6,リッケンバッカー　　　　　　　　　　,1.0,6.4
2026-08-29,2026082904030301,7,マイネルニコラス　　　　　　　　　　,10.0,20.2
2026-08-29,2026082904030301,8,エナジーグラン　　　　　　　　　　　,8.0,28.1
2026-08-29,2026082904030301,9,フォーディアライフ　　　　　　　　　,4.0,3.8
2026-08-29,2026082904030301,10,オリンポスカズマ　　　　　　　　　　,3.0,10.4
2026-08-29,2026082904030301,11,ラパンラピッド　　　　　　　　　　　,5.0,3.3
2026-08-29,2026082904030301,12,バダジェフスカ　　　　　　　　　　　,12.0,107.5
2026-08-29,2026082904030302,1,ロマンス　　　　　　　　　　　　　　,12.0,68.4
2026-08-29,2026082904030302,2,オーパパ　　　　　　　　　　　　　　,11.0,209.7
2026-08-29,2026082904030302,3,ネイティヴプライド　　　　　　　　　,8.0,26.0
2026-08-29,2026082904030302,4,ダイヒョウカーク　　　　　　　　　　,10.0,125.0
2026-08-29,2026082904030302,5,プリヴィマーク　　　　　　　　　　　,14.0,184.0
2026-08-29,2026082904030302,6,ガードオブオナー　　　　　　　　　　,4.0,4.0
2026-08-29,2026082904030302,7,ゴールドプレイヤー　　　　　　　　　,3.0,3.7
2026-08-29,2026082904030302,8,エターナルホープ　　　　　　　　　　,7.0,17.0
2026-08-29,2026082904030302,9,オウケンサクラコ　　　　　　　　　　,5.0,22.2
2026-08-29,2026082904030302,10,マーゴットライズ　　　　　　　　　　,6.0,18.0
2026-08-29,2026082904030302,11,アデルフィー　　　　　　　　　　　　,1.0,4.5
2026-08-29,2026082904030302,12,ヌビアン　　　　　　　　　　　　　　,15.0,151.2
2026-08-29,2026082904030302,13,バターショコラ　　　　　　　　　　　,13.0,173.7
2026-08-29,2026082904030302,14,ハチマン　　　　　　　　　　　　　　,9.0,461.4
2026-08-29,2026082904030302,15,カシマライフウ　　　　　　　　　　　,2.0,3.6
2026-08-29,2026082904030303,1,マムダッドベル　　　　　　　　　　　,,149.1
2026-08-29,2026082904030303,2,ノルトハウゼン　　　　　　　　　　　,3.0,4.6
2026-08-29,2026082904030303,3,ルクスマグナ　　　　　　　　　　　　,9.0,49.1
2026-08-29,2026082904030303,4,ビスクヴィート　　　　　　　　　　　,7.0,211.2
2026-08-29,2026082904030303,5,アルアンダルス　　　　　　　　　　　,6.0,44.0
2026-08-29,2026082904030303,6,ホウオウビリーヴ　　　　　　　　　　,2.0,5.5
2026-08-29,2026082904030303,7,レーゲンシャウアー　　　　　　　　　,10.0,524.0
2026-08-29,2026082904030303,8,アウアリイ　　　　　　　　　　　　　,4.0,3.3
2026-08-29,2026082904030303,9,パープルタウン　　　　　　　　　　　,5.0,23.7
2026-08-29,2026082904030303,10,サウンドシェリー　　　　　　　　　　,8.0,2.6
2026-08-29,2026082904030303,11,キムケンシーサー　　　　　　　　　　,1.0,13.3
2026-08-29,2026082904030304,1,ポケットブック　　　　　　　　　　　,10.0,257.1
2026-08-29,2026082904030304,2,ジェイエルキール　　　　　　　　　　,2.0,135.2
2026-08-29,2026082904030304,3,クラウンロムパイア　　　　　　　　　,11.0,315.4
2026-08-29,2026082904030304,4,エクラドリオン　　　　　　　　　　　,1.0,1.5
2026-08-29,2026082904030304,5,ショウナンバッカス　　　　　　　　　,18.0,134.5
2026-08-29,2026082904030304,6,ヨツバ　　　　　　　　　　　　　　　,13.0,208.1
2026-08-29,2026082904030304,7,タワーウマザンマイ　　　　　　　　　,15.0,40.2
2026-08-29,2026082904030304,8,チョトツモウシン　　　　　　　　　　,16.0,216.1
2026-08-29,2026082904030304,9,ニシノムホウモノ　　　　　　　　　　,12.0,22.5
2026-08-29,2026082904030304,10,レッドアバンドーネ　　　　　　　　　,3.0,8.9
2026-08-29,2026082904030304,11,アヴァンデセール　　　　　　　　　　,9.0,61.0
2026-08-29,2026082904030304,12,セレスティナ　　　　　　　　　　　　,5.0,7.5
2026-08-29,2026082904030304,13,イントリー　　　　　　　　　　　　　,6.0,16.2
2026-08-29,2026082904030304,14,イデアモッコス　　　　　　　　　　　,8.0,236.0
2026-08-29,2026082904030304,15,コメットサン　　　　　　　　　　　　,14.0,9.9
2026-08-29,2026082904030304,16,ホワイトホール　　　　　　　　　　　,7.0,68.8
2026-08-29,2026082904030304,17,モチロンコクラ　　　　　　　　　　　,17.0,293.6
2026-08-29,2026082904030304,18,ショウナンワンパク　　　　　　　　　,4.0,20.1
2026-08-29,2026082904030305,1,ローレルエース　　　　　　　　　　　,13.0,255.9
2026-08-29,2026082904030305,2,イクオクコウネン　　　　　　　　　　,6.0,4.5
2026-08-29,2026082904030305,3,レイランディ　　　　　　　　　　　　,10.0,105.8
2026-08-29,2026082904030305,4,ブリックアブラック　　　　　　　　　,4.0,95.9
2026-08-29,2026082904030305,5,ピクシーゲイル　　　　　　　　　　　,8.0,416.4
2026-08-29,2026082904030305,6,サヴマ　　　　　　　　　　　　　　　,16.0,15.7
2026-08-29,2026082904030305,7,ヤマメホープ　　　　　　　　　　　　,1.0,2.8
2026-08-29,2026082904030305,8,ピグマリオン　　　　　　　　　　　　,14.0,308.3
2026-08-29,2026082904030305,9,ゾネブルーム　　　　　　　　　　　　,3.0,4.1
2026-08-29,2026082904030305,10,アルティマローネ　　　　　　　　　　,7.0,39.2
2026-08-29,2026082904030305,11,キコリータ　　　　　　　　　　　　　,9.0,12.3
2026-08-29,2026082904030305,12,アージェンタイド　　　　　　　　　　,17.0,456.5
2026-08-29,2026082904030305,13,ゴールドエンバー　　　　　　　　　　,2.0,18.4
2026-08-29,2026082904030305,14,アティラン　　　　　　　　　　　　　,18.0,120.3
2026-08-29,2026082904030305,15,アンヴデット　　　　　　　　　　　　,5.0,17.6
2026-08-29,2026082904030305,16,ルミナスレイナ　　　　　　　　　　　,12.0,298.1
2026-08-29,2026082904030305,17,ホウライブラック　　　　　　　　　　,15.0,332.1
2026-08-29,2026082904030305,18,オレンジフィールド　　　　　　　　　,11.0,8.9
2026-08-29,2026082904030306,1,ボールドタワー　　　　　　　　　　　,15.0,37.2
2026-08-29,2026082904030306,2,コスモシェルベット　　　　　　　　　,12.0,54.2
2026-08-29,2026082904030306,3,ルーナディサングエ　　　　　　　　　,1.0,2.1
2026-08-29,2026082904030306,4,ヨドノタイヨウ　　　　　　　　　　　,2.0,13.6
2026-08-29,2026082904030306,5,トレベルオール　　　　　　　　　　　,6.0,17.4
2026-08-29,2026082904030306,6,ルシャルムール　　　　　　　　　　　,4.0,4.3
2026-08-29,2026082904030306,7,アバレリュウ　　　　　　　　　　　　,8.0,40.3
2026-08-29,2026082904030306,8,アビヤント　　　　　　　　　　　　　,7.0,5.2
2026-08-29,2026082904030306,9,ゴットランド　　　　　　　　　　　　,10.0,159.4
2026-08-29,2026082904030306,10,リアライズオーラム　　　　　　　　　,3.0,13.5
2026-08-29,2026082904030306,11,ヴェーヌドール　　　　　　　　　　　,5.0,142.8
2026-08-29,2026082904030306,12,サウジバラード　　　　　　　　　　　,13.0,44.9
2026-08-29,2026082904030306,13,マルカベント　　　　　　　　　　　　,11.0,274.2
2026-08-29,2026082904030306,14,ジンガー　　　　　　　　　　　　　　,14.0,312.3
2026-08-29,2026082904030306,15,サトノラポール　　　　　　　　　　　,9.0,17.6
2026-08-29,2026082904030307,1,ハギノコラソン　　　　　　　　　　　,12.0,84.1
2026-08-29,2026082904030307,2,ボウウィンドウ　　　　　　　　　　　,1.0,2.0
2026-08-29,2026082904030307,3,バンフィエルド　　　　　　　　　　　,17.0,403.3
2026-08-29,2026082904030307,4,ツルマウカタチ　　　　　　　　　　　,10.0,18.0
2026-08-29,2026082904030307,5,ロールザダイス　　　　　　　　　　　,2.0,23.1
2026-08-29,2026082904030307,6,オリバナム　　　　　　　　　　　　　,8.0,23.6
2026-08-29,2026082904030307,7,ジャンビ　　　　　　　　　　　　　　,11.0,133.1
2026-08-29,2026082904030307,8,ホウオウタイタン　　　　　　　　　　,7.0,7.0
2026-08-29,2026082904030307,9,バガン　　　　　　　　　　　　　　　,15.0,171.4
2026-08-29,2026082904030307,10,ペッレグリーニ　　　　　　　　　　　,9.0,42.5
2026-08-29,2026082904030307,11,ティムール　　　　　　　　　　　　　,14.0,80.5
2026-08-29,2026082904030307,12,マイネルアズーロ　　　　　　　　　　,4.0,8.9
2026-08-29,2026082904030307,13,エリーナストーム　　　　　　　　　　,16.0,19.5
2026-08-29,2026082904030307,14,カフェアローロ　　　　　　　　　　　,13.0,241.0
2026-08-29,2026082904030307,15,スピンザブラッド　　　　　　　　　　,3.0,50.4
2026-08-29,2026082904030307,16,ピエナフェーヴル　　　　　　　　　　,5.0,6.6
2026-08-29,2026082904030307,17,マイネルアレス　　　　　　　　　　　,6.0,11.5
2026-08-29,2026082904030308,1,ピカピカサンダー　　　　　　　　　　,3.0,7.3
2026-08-29,2026082904030308,2,アムールドパリ　　　　　　　　　　　,10.0,8.0
2026-08-29,2026082904030308,3,タガノバビロン　　　　　　　　　　　,2.0,2.0
2026-08-29,2026082904030308,4,フタイテンロック　　　　　　　　　　,9.0,53.0
2026-08-29,2026082904030308,5,ショウナンライシン　　　　　　　　　,7.0,33.3
2026-08-29,2026082904030308,6,カズタンジャー　　　　　　　　　　　,4.0,5.8
2026-08-29,2026082904030308,7,メイショウズイウン　　　　　　　　　,1.0,7.8
2026-08-29,2026082904030308,8,ピースオブザライフ　　　　　　　　　,11.0,179.3
2026-08-29,2026082904030308,9,ハセドン　　　　　　　　　　　　　　,8.0,65.2
2026-08-29,2026082904030308,10,ハビレ　　　　　　　　　　　　　　　,5.0,8.4
2026-08-29,2026082904030308,11,ベルイストワール　　　　　　　　　　,6.0,52.8
2026-08-29,2026082904030309,1,ダンシングアウェイ　　　　　　　　　,8.0,192.8
2026-08-29,2026082904030309,2,プレイザリード　　　　　　　　　　　,1.0,3.2
2026-08-29,2026082904030309,3,ディーンズリスター　　　　　　　　　,7.0,21.5
2026-08-29,2026082904030309,4,シャインフリーリー　　　　　　　　　,10.0,265.9
2026-08-29,2026082904030309,5,ノーマジック　　　　　　　　　　　　,6.0,336.2
2026-08-29,2026082904030309,6,オプレントジュエル　　　　　　　　　,11.0,14.3
2026-08-29,2026082904030309,7,ミッドセンチュリー　　　　　　　　　,3.0,10.5
2026-08-29,2026082904030309,8,ゴンファロニエーレ　　　　　　　　　,2.0,3.9
2026-08-29,2026082904030309,9,コウセイケンタロス　　　　　　　　　,13.0,349.5
2026-08-29,2026082904030309,10,フォーグッド　　　　　　　　　　　　,12.0,91.2
2026-08-29,2026082904030309,11,ランブルスコ　　　　　　　　　　　　,4.0,3.3
2026-08-29,2026082904030309,12,テイキットイージー　　　　　　　　　,5.0,49.2
2026-08-29,2026082904030309,13,マイネルリーヒム　　　　　　　　　　,9.0,7.3
2026-08-29,2026082904030310,1,ビリオネアボーイ　　　　　　　　　　,14.0,127.9
2026-08-29,2026082904030310,2,アルシャンティ　　　　　　　　　　　,12.0,342.4
2026-08-29,2026082904030310,3,キャトルエピス　　　　　　　　　　　,9.0,14.1
2026-08-29,2026082904030310,4,ソードスレイプニル　　　　　　　　　,5.0,9.7
2026-08-29,2026082904030310,5,メイリー　　　　　　　　　　　　　　,7.0,30.4
2026-08-29,2026082904030310,6,タイセイフレッサ　　　　　　　　　　,3.0,3.3
2026-08-29,2026082904030310,7,ベレーバスク　　　　　　　　　　　　,11.0,10.1
2026-08-29,2026082904030310,8,フェーダーローター　　　　　　　　　,16.0,143.4
2026-08-29,2026082904030310,9,ライネリーベ　　　　　　　　　　　　,1.0,2.7
2026-08-29,2026082904030310,10,ワカミヤイリオス　　　　　　　　　　,17.0,243.0
2026-08-29,2026082904030310,11,ダイユウルミナス　　　　　　　　　　,4.0,154.8
2026-08-29,2026082904030310,12,カシノリアーナ　　　　　　　　　　　,18.0,321.4
2026-08-29,2026082904030310,13,サーロー　　　　　　　　　　　　　　,13.0,13.9
2026-08-29,2026082904030310,14,ホットゥトロット　　　　　　　　　　,6.0,49.9
2026-08-29,2026082904030310,15,ディサイドオンミー　　　　　　　　　,15.0,447.9
2026-08-29,2026082904030310,16,リラベガ　　　　　　　　　　　　　　,2.0,16.9
2026-08-29,2026082904030310,17,ガミーヌ　　　　　　　　　　　　　　,10.0,13.6
2026-08-29,2026082904030310,18,タイキオーベロン　　　　　　　　　　,8.0,34.3
2026-08-29,2026082904030311,1,ウィズアツインクル　　　　　　　　　,13.0,160.5
2026-08-29,2026082904030311,2,ムーングレイル　　　　　　　　　　　,11.0,5.3
2026-08-29,2026082904030311,3,エリュグレイス　　　　　　　　　　　,5.0,8.2
2026-08-29,2026082904030311,4,ジーナグレイス　　　　　　　　　　　,12.0,52.4
2026-08-29,2026082904030311,5,グランフルス　　　　　　　　　　　　,4.0,74.8
2026-08-29,2026082904030311,6,レインボーワールド　　　　　　　　　,16.0,309.1
2026-08-29,2026082904030311,7,ミリオングローリー　　　　　　　　　,8.0,22.5
2026-08-29,2026082904030311,8,スイートハイデン　　　　　　　　　　,14.0,142.4
2026-08-29,2026082904030311,9,ヘルヴィッツ　　　　　　　　　　　　,7.0,137.7
2026-08-29,2026082904030311,10,ノブステップ　　　　　　　　　　　　,18.0,453.4
2026-08-29,2026082904030311,11,ヤマニンリンキング　　　　　　　　　,2.0,14.3
2026-08-29,2026082904030311,12,イベリスアマラ　　　　　　　　　　　,9.0,98.0
2026-08-29,2026082904030311,13,イノーマル　　　　　　　　　　　　　,15.0,36.3
2026-08-29,2026082904030311,14,マイネルアルゴー　　　　　　　　　　,10.0,353.9
2026-08-29,2026082904030311,15,レッドレガリア　　　　　　　　　　　,6.0,1.5
2026-08-29,2026082904030311,16,トーアシチフクジン　　　　　　　　　,17.0,61.8
2026-08-29,2026082904030311,17,コスモアルペジオ　　　　　　　　　　,3.0,21.4
2026-08-29,2026082904030311,18,ピースフルマインド　　　　　　　　　,1.0,84.6
2026-08-29,2026082904030312,1,ペイシャラム　　　　　　　　　　　　,10.0,40.4
2026-08-29,2026082904030312,2,リベラル　　　　　　　　　　　　　　,12.0,109.9
2026-08-29,2026082904030312,3,エリースノー　　　　　　　　　　　　,2.0,4.0
2026-08-29,2026082904030312,4,チュラヴェール　　　　　　　　　　　,8.0,6.8
2026-08-29,2026082904030312,5,シカゴキャッツ　　　　　　　　　　　,11.0,273.3
2026-08-29,2026082904030312,6,ペイシャダンシング　　　　　　　　　,7.0,72.1
2026-08-29,2026082904030312,7,ロンバスブレス　　　　　　　　　　　,1.0,2.1
2026-08-29,2026082904030312,8,ブライティアロード　　　　　　　　　,,
2026-08-29,2026082904030312,9,サンシュノジンギ　　　　　　　　　　,,
2026-08-29,2026082904030312,10,ガヤーズベース　　　　　　　　　　　,6.0,39.2
2026-08-29,2026082904030312,11,ケイツーキップ　　　　　　　　　　　,9.0,52.8
2026-08-29,2026082904030312,12,カフェオドヴィー　　　　　　　　　　,,
2026-08-29,2026082904030312,13,テラシエスタ　　　　　　　　　　　　,4.0,125.6
2026-08-29,2026082904030312,14,トリエンナーレ　　　　　　　　　　　,5.0,6.6
2026-08-29,2026082904030312,15,ライヴマティーニ　　　　　　　　　　,3.0,7.0
2026-08-29,2026082907030301,1,エンルートフライト　　　　　　　　　,2.0,2.0
2026-08-29,2026082907030301,2,ブラックミューズ　　　　　　　　　　,7.0,4.8
2026-08-29,2026082907030301,3,プッシュザリミット　　　　　　　　　,10.0,196.2
2026-08-29,2026082907030301,4,ディープナイト　　　　　　　　　　　,5.0,41.4
2026-08-29,2026082907030301,5,レイデアルマス　　　　　　　　　　　,9.0,10.5
2026-08-29,2026082907030301,6,ピュアノーブル　　　　　　　　　　　,8.0,41.3
2026-08-29,2026082907030301,7,マンナット　　　　　　　　　　　　　,1.0,4.4
2026-08-29,2026082907030301,8,ハルカカナタ　　　　　　　　　　　　,3.0,24.8
2026-08-29,2026082907030301,9,ゴルディアス　　　　　　　　　　　　,11.0,73.6
2026-08-29,2026082907030301,10,ホットロッドハート　　　　　　　　　,4.0,27.6
2026-08-29,2026082907030301,11,メモリアデルレ　　　　　　　　　　　,6.0,11.4
2026-08-29,2026082907030302,1,ドリームオブコージ　　　　　　　　　,10.0,121.2
2026-08-29,2026082907030302,2,ボビーザグレート　　　　　　　　　　,3.0,17.6
2026-08-29,2026082907030302,3,ダノンアズール　　　　　　　　　　　,5.0,5.6
2026-08-29,2026082907030302,4,ゴールドシューター　　　　　　　　　,6.0,136.3
2026-08-29,2026082907030302,5,バミューダブーケ　　　　　　　　　　,7.0,29.9
2026-08-29,2026082907030302,6,ダヌラーサナ　　　　　　　　　　　　,8.0,8.1
2026-08-29,2026082907030302,7,オーリエイト　　　　　　　　　　　　,1.0,1.4
2026-08-29,2026082907030302,8,アンナモエ　　　　　　　　　　　　　,12.0,216.9
2026-08-29,2026082907030302,9,ルガルデ　　　　　　　　　　　　　　,9.0,105.6
2026-08-29,2026082907030302,10,ミリオンカラー　　　　　　　　　　　,11.0,36.5
2026-08-29,2026082907030302,11,ソリドゥス　　　　　　　　　　　　　,2.0,11.0
2026-08-29,2026082907030302,12,ジュンヴァグネル　　　　　　　　　　,4.0,26.2
2026-08-29,2026082907030303,1,クリノライジング　　　　　　　　　　,11.0,57.9
2026-08-29,2026082907030303,2,ワンキャンパス　　　　　　　　　　　,3.0,209.7
2026-08-29,2026082907030303,3,パルフェクシオン　　　　　　　　　　,5.0,2.2
2026-08-29,2026082907030303,4,リムリックアイル　　　　　　　　　　,7.0,4.1
2026-08-29,2026082907030303,5,ビンチャリ　　　　　　　　　　　　　,1.0,7.9
2026-08-29,2026082907030303,6,ジーティーハルカゼ　　　　　　　　　,6.0,24.5
2026-08-29,2026082907030303,7,サルーミアモール　　　　　　　　　　,4.0,12.6
2026-08-29,2026082907030303,8,インティサール　　　　　　　　　　　,2.0,4.0
2026-08-29,2026082907030303,9,マイフレダ　　　　　　　　　　　　　,8.0,82.6
2026-08-29,2026082907030303,10,ドリームリボン　　　　　　　　　　　,9.0,80.8
2026-08-29,2026082907030303,11,カラスアゲハ　　　　　　　　　　　　,12.0,81.4
2026-08-29,2026082907030303,12,ウルウノマーズ　　　　　　　　　　　,10.0,153.0
2026-08-29,2026082907030304,1,タイセイグローバル　　　　　　　　　,11.0,109.2
2026-08-29,2026082907030304,2,アメジストブリエ　　　　　　　　　　,15.0,140.8
2026-08-29,2026082907030304,3,プロスト　　　　　　　　　　　　　　,10.0,24.6
2026-08-29,2026082907030304,4,ヴィスメンティス　　　　　　　　　　,5.0,11.4
2026-08-29,2026082907030304,5,ジュンヴァッテッド　　　　　　　　　,6.0,511.9
2026-08-29,2026082907030304,6,カパルア　　　　　　　　　　　　　　,16.0,107.4
2026-08-29,2026082907030304,7,クールドリオン　　　　　　　　　　　,2.0,10.7
2026-08-29,2026082907030304,8,スクランプシャス　　　　　　　　　　,14.0,5.8
2026-08-29,2026082907030304,9,サンタカタリナ　　　　　　　　　　　,13.0,37.3
2026-08-29,2026082907030304,10,テイエムプレミラン　　　　　　　　　,3.0,83.8
2026-08-29,2026082907030304,11,パシフィックドーン　　　　　　　　　,7.0,12.9
2026-08-29,2026082907030304,12,チュオンソン　　　　　　　　　　　　,8.0,143.3
2026-08-29,2026082907030304,13,マイコンプリート　　　　　　　　　　,1.0,1.7
2026-08-29,2026082907030304,14,マテンロウルクス　　　　　　　　　　,12.0,309.6
2026-08-29,2026082907030304,15,レイアン　　　　　　　　　　　　　　,9.0,172.1
2026-08-29,2026082907030304,16,ナムラヴンダー　　　　　　　　　　　,4.0,7.8
2026-08-29,2026082907030305,1,ワンダーデリエール　　　　　　　　　,5.0,7.3
2026-08-29,2026082907030305,2,リアライズアリス　　　　　　　　　　,6.0,10.6
2026-08-29,2026082907030305,3,サンスベリア　　　　　　　　　　　　,13.0,339.6
2026-08-29,2026082907030305,4,コスモフィレンツェ　　　　　　　　　,2.0,3.8
2026-08-29,2026082907030305,5,クランズクラウン　　　　　　　　　　,7.0,11.2
2026-08-29,2026082907030305,6,パンキー　　　　　　　　　　　　　　,4.0,9.3
2026-08-29,2026082907030305,7,スリーキズナヒメ　　　　　　　　　　,8.0,135.5
2026-08-29,2026082907030305,8,ゴールデンテティス　　　　　　　　　,3.0,7.1
2026-08-29,2026082907030305,9,ウインリーブル　　　　　　　　　　　,12.0,107.5
2026-08-29,2026082907030305,10,ビクスバイト　　　　　　　　　　　　,1.0,2.7
2026-08-29,2026082907030305,11,ラピス　　　　　　　　　　　　　　　,11.0,40.3
2026-08-29,2026082907030305,12,クラリノ　　　　　　　　　　　　　　,9.0,174.0
2026-08-29,2026082907030305,13,プリティウーマン　　　　　　　　　　,10.0,350.7
2026-08-29,2026082907030306,1,フィドルファドル　　　　　　　　　　,1.0,4.0
2026-08-29,2026082907030306,2,ザウリ　　　　　　　　　　　　　　　,5.0,45.1
2026-08-29,2026082907030306,3,オコタンペ　　　　　　　　　　　　　,8.0,24.1
2026-08-29,2026082907030306,4,シルフズミスチーフ　　　　　　　　　,4.0,3.9
2026-08-29,2026082907030306,5,ルクスレイモンド　　　　　　　　　　,9.0,3.3
2026-08-29,2026082907030306,6,ダノンモンテローザ　　　　　　　　　,3.0,13.3
2026-08-29,2026082907030306,7,ローマンレイク　　　　　　　　　　　,12.0,82.9
2026-08-29,2026082907030306,8,ブルーノート　　　　　　　　　　　　,6.0,124.5
2026-08-29,2026082907030306,9,シアター　　　　　　　　　　　　　　,11.0,69.5
2026-08-29,2026082907030306,10,リードプリンシパル　　　　　　　　　,7.0,97.1
2026-08-29,2026082907030306,11,アオイレーギーナ　　　　　　　　　　,2.0,10.3
2026-08-29,2026082907030306,12,バッハアルプゼー　　　　　　　　　　,13.0,6.8
2026-08-29,2026082907030306,13,ゲーベル　　　　　　　　　　　　　　,10.0,46.2
2026-08-29,2026082907030307,1,ボンヌソワレ　　　　　　　　　　　　,3.0,4.6
2026-08-29,2026082907030307,2,ロードマイライフ　　　　　　　　　　,7.0,41.9
2026-08-29,2026082907030307,3,ビップジーニー　　　　　　　　　　　,12.0,78.5
2026-08-29,2026082907030307,4,ブルクトーア　　　　　　　　　　　　,1.0,23.0
2026-08-29,2026082907030307,5,チャンネルトンネル　　　　　　　　　,2.0,5.7
2026-08-29,2026082907030307,6,セシリエプラージュ　　　　　　　　　,6.0,32.1
2026-08-29,2026082907030307,7,コト　　　　　　　　　　　　　　　　,11.0,31.4
2026-08-29,2026082907030307,8,ダークエクリプス　　　　　　　　　　,13.0,163.4
2026-08-29,2026082907030307,9,モジャーリオ　　　　　　　　　　　　,15.0,23.0
2026-08-29,2026082907030307,10,ポッドロワール　　　　　　　　　　　,5.0,2.6
2026-08-29,2026082907030307,11,フライングブレード　　　　　　　　　,14.0,98.0
2026-08-29,2026082907030307,12,ポエットリー　　　　　　　　　　　　,9.0,60.2
2026-08-29,2026082907030307,13,ユハンヌス　　　　　　　　　　　　　,8.0,19.8
2026-08-29,2026082907030307,14,ガンマジーティーピ　　　　　　　　　,4.0,9.4
2026-08-29,2026082907030307,15,ユウファラオ　　　　　　　　　　　　,10.0,9.2
2026-08-29,2026082907030308,1,カウンティフェア　　　　　　　　　　,5.0,35.4
2026-08-29,2026082907030308,2,ツーネサーン　　　　　　　　　　　　,8.0,16.5
2026-08-29,2026082907030308,3,サロニコス　　　　　　　　　　　　　,6.0,53.8
2026-08-29,2026082907030308,4,アムールリーベ　　　　　　　　　　　,2.0,24.4
2026-08-29,2026082907030308,5,サクラオーラ　　　　　　　　　　　　,12.0,84.4
2026-08-29,2026082907030308,6,トライアンフパス　　　　　　　　　　,1.0,4.1
2026-08-29,2026082907030308,7,リアライズ　　　　　　　　　　　　　,11.0,13.2
2026-08-29,2026082907030308,8,キャッスルレイク　　　　　　　　　　,4.0,11.9
2026-08-29,2026082907030308,9,エーデルヴェーグ　　　　　　　　　　,3.0,5.1
2026-08-29,2026082907030308,10,ワンコールアウェイ　　　　　　　　　,9.0,9.9
2026-08-29,2026082907030308,11,アスクキングコング　　　　　　　　　,10.0,142.8
2026-08-29,2026082907030308,12,サヴァビアン　　　　　　　　　　　　,13.0,342.5
2026-08-29,2026082907030308,13,モンテディアーナ　　　　　　　　　　,14.0,100.1
2026-08-29,2026082907030308,14,ダガーリング　　　　　　　　　　　　,7.0,2.6
2026-08-29,2026082907030309,1,ラグナトーレ　　　　　　　　　　　　,3.0,28.5
2026-08-29,2026082907030309,2,ブラッドムーン　　　　　　　　　　　,7.0,15.8
2026-08-29,2026082907030309,3,コンテナライン　　　　　　　　　　　,9.0,29.5
2026-08-29,2026082907030309,4,セレーノ　　　　　　　　　　　　　　,1.0,3.2
2026-08-29,2026082907030309,5,クラテロス　　　　　　　　　　　　　,2.0,8.6
2026-08-29,2026082907030309,6,ラテライト　　　　　　　　　　　　　,4.0,9.2
2026-08-29,2026082907030309,7,リアンクトワ　　　　　　　　　　　　,5.0,24.2
2026-08-29,2026082907030309,8,シエーナカラー　　　　　　　　　　　,8.0,4.8
2026-08-29,2026082907030309,9,メイショウアカリ　　　　　　　　　　,6.0,2.9
2026-08-29,2026082907030310,1,ワイドグンサ　　　　　　　　　　　　,5.0,8.2
2026-08-29,2026082907030310,2,パヴィーア　　　　　　　　　　　　　,11.0,16.6
2026-08-29,2026082907030310,3,ハッピーラブソング　　　　　　　　　,8.0,194.4
2026-08-29,2026082907030310,4,タイニーワンダー　　　　　　　　　　,2.0,2.4
2026-08-29,2026082907030310,5,ヴィヴァシャス　　　　　　　　　　　,12.0,156.1
2026-08-29,2026082907030310,6,ジューンセクレタ　　　　　　　　　　,4.0,5.5
2026-08-29,2026082907030310,7,ウォーターパラディ　　　　　　　　　,3.0,43.8
2026-08-29,2026082907030310,8,メイショウサトノヒ　　　　　　　　　,7.0,120.4
2026-08-29,2026082907030310,9,ピョイットハレルヤ　　　　　　　　　,16.0,32.4
2026-08-29,2026082907030310,10,リンゲルブルーメ　　　　　　　　　　,9.0,19.1
2026-08-29,2026082907030310,11,アルプスオジョー　　　　　　　　　　,13.0,24.0
2026-08-29,2026082907030310,12,マダムカマラード　　　　　　　　　　,14.0,13.7
2026-08-29,2026082907030310,13,グランメドウ　　　　　　　　　　　　,15.0,25.1
2026-08-29,2026082907030310,14,ハンザキ　　　　　　　　　　　　　　,6.0,87.8
2026-08-29,2026082907030310,15,タイセイレグノ　　　　　　　　　　　,10.0,70.7
2026-08-29,2026082907030310,16,ジャンヌドゥレーヴ　　　　　　　　　,1.0,5.5
2026-08-29,2026082907030311,1,オーバースタンド　　　　　　　　　　,11.0,15.2
2026-08-29,2026082907030311,2,エンベッカ　　　　　　　　　　　　　,3.0,48.8
2026-08-29,2026082907030311,3,ファルカータ　　　　　　　　　　　　,9.0,2.3
2026-08-29,2026082907030311,4,リアンマヒナ　　　　　　　　　　　　,2.0,5.1
2026-08-29,2026082907030311,5,メイショウビストロ　　　　　　　　　,12.0,36.4
2026-08-29,2026082907030311,6,レッドリガーレ　　　　　　　　　　　,4.0,34.1
2026-08-29,2026082907030311,7,チャンピオンロード　　　　　　　　　,13.0,180.7
2026-08-29,2026082907030311,8,フレイムスター　　　　　　　　　　　,8.0,40.7
2026-08-29,2026082907030311,9,ヴォーカライズ　　　　　　　　　　　,1.0,2.8
2026-08-29,2026082907030311,10,エイズルブルーム　　　　　　　　　　,6.0,31.2
2026-08-29,2026082907030311,11,ギザキズラヴ　　　　　　　　　　　　,7.0,139.3
2026-08-29,2026082907030311,12,グローブアマランス　　　　　　　　　,5.0,17.8
2026-08-29,2026082907030311,13,リオンプライム　　　　　　　　　　　,10.0,199.9
2026-08-29,2026082907030312,1,クロレ　　　　　　　　　　　　　　　,4.0,5.6
2026-08-29,2026082907030312,2,ゴールデンドラゴン　　　　　　　　　,3.0,3.3
2026-08-29,2026082907030312,3,タガノランパート　　　　　　　　　　,2.0,4.1
2026-08-29,2026082907030312,4,クリコバロー　　　　　　　　　　　　,9.0,28.9
2026-08-29,2026082907030312,5,シャイニングスター　　　　　　　　　,6.0,16.4
2026-08-29,2026082907030312,6,ブクブクー　　　　　　　　　　　　　,12.0,22.9
2026-08-29,2026082907030312,7,ベルラフィネ　　　　　　　　　　　　,13.0,111.0
2026-08-29,2026082907030312,8,シホノグラツィア　　　　　　　　　　,11.0,5.4
2026-08-29,2026082907030312,9,クロームクロス　　　　　　　　　　　,10.0,49.5
2026-08-29,2026082907030312,10,ガラード　　　　　　　　　　　　　　,14.0,62.5
2026-08-29,2026082907030312,11,メイショウハーブス　　　　　　　　　,5.0,11.7
2026-08-29,2026082907030312,12,トラッドロア　　　　　　　　　　　　,1.0,36.6
2026-08-29,2026082907030312,13,サマーナジュム　　　　　　　　　　　,7.0,51.9
2026-08-29,2026082907030312,14,メイショウジンソウ　　　　　　　　　,8.0,30.9
2026-08-30,2026083001020401,1,タガノシルフィー　　　　　　　　　　,1.0,5.2
2026-08-30,2026083001020401,2,マーゴットクリュグ　　　　　　　　　,8.0,18.6
2026-08-30,2026083001020401,3,ゴーゴーエイミー　　　　　　　　　　,14.0,88.1
2026-08-30,2026083001020401,4,テンレッドサン　　　　　　　　　　　,2.0,12.7
2026-08-30,2026083001020401,5,サンセリテ　　　　　　　　　　　　　,4.0,27.5
2026-08-30,2026083001020401,6,ビレッジルイーザ　　　　　　　　　　,12.0,46.4
2026-08-30,2026083001020401,7,エリカビアリッツ　　　　　　　　　　,3.0,3.8
2026-08-30,2026083001020401,8,タガノラヴズワン　　　　　　　　　　,9.0,44.5
2026-08-30,2026083001020401,9,セントピュアベース　　　　　　　　　,11.0,123.9
2026-08-30,2026083001020401,10,モンテパステル　　　　　　　　　　　,10.0,80.4
2026-08-30,2026083001020401,11,ウォータースパウト　　　　　　　　　,5.0,10.2
2026-08-30,2026083001020401,12,ブライトエンジェル　　　　　　　　　,7.0,3.3
2026-08-30,2026083001020401,13,ジーティービキニ　　　　　　　　　　,13.0,10.3
2026-08-30,2026083001020401,14,コイバナ　　　　　　　　　　　　　　,6.0,16.1
2026-08-30,2026083001020402,1,アワードリームス　　　　　　　　　　,9.0,199.1
2026-08-30,2026083001020402,2,ヴィヴィアンリーチ　　　　　　　　　,7.0,37.8
2026-08-30,2026083001020402,3,ショパンコンクール　　　　　　　　　,13.0,43.7
2026-08-30,2026083001020402,4,トスカ　　　　　　　　　　　　　　　,12.0,72.2
2026-08-30,2026083001020402,5,ミハテヌユメ　　　　　　　　　　　　,3.0,28.6
2026-08-30,2026083001020402,6,キャンドル　　　　　　　　　　　　　,5.0,89.4
2026-08-30,2026083001020402,7,ゲームチェンジャー　　　　　　　　　,14.0,470.3
2026-08-30,2026083001020402,8,アルテクィーン　　　　　　　　　　　,2.0,4.1
2026-08-30,2026083001020402,9,パーフェクトゲーム　　　　　　　　　,11.0,29.5
2026-08-30,2026083001020402,10,アスコットペスカ　　　　　　　　　　,10.0,469.0
2026-08-30,2026083001020402,11,インサイドストーム　　　　　　　　　,8.0,266.7
2026-08-30,2026083001020402,12,ソニックアイル　　　　　　　　　　　,4.0,1.7
2026-08-30,2026083001020402,13,ギャルズマインド　　　　　　　　　　,1.0,5.5
2026-08-30,2026083001020402,14,トーセンルルド　　　　　　　　　　　,6.0,9.1
2026-08-30,2026083001020403,1,ペガサスウィンド　　　　　　　　　　,10.0,5.4
2026-08-30,2026083001020403,2,サクセスブルー　　　　　　　　　　　,3.0,17.1
2026-08-30,2026083001020403,3,ラスターヴァース　　　　　　　　　　,13.0,46.7
2026-08-30,2026083001020403,4,ポップアップ　　　　　　　　　　　　,1.0,3.3
2026-08-30,2026083001020403,5,デルマテイネ　　　　　　　　　　　　,12.0,117.7
2026-08-30,2026083001020403,6,ヨドノサファイア　　　　　　　　　　,4.0,22.2
2026-08-30,2026083001020403,7,チャーチルデュース　　　　　　　　　,7.0,5.7
2026-08-30,2026083001020403,8,サンエンジェルス　　　　　　　　　　,9.0,7.7
2026-08-30,2026083001020403,9,モンテール　　　　　　　　　　　　　,11.0,16.3
2026-08-30,2026083001020403,10,ミアエッテ　　　　　　　　　　　　　,14.0,184.8
2026-08-30,2026083001020403,11,ダンツアラーム　　　　　　　　　　　,5.0,81.8
2026-08-30,2026083001020403,12,クリコイーコ　　　　　　　　　　　　,2.0,78.0
2026-08-30,2026083001020403,13,ジャストグレース　　　　　　　　　　,6.0,12.0
2026-08-30,2026083001020403,14,ホウオウファラオ　　　　　　　　　　,8.0,6.3
2026-08-30,2026083001020404,1,ダイシンパルス　　　　　　　　　　　,11.0,167.5
2026-08-30,2026083001020404,2,ジリアート　　　　　　　　　　　　　,8.0,35.1
2026-08-30,2026083001020404,3,コスモヘリアンサス　　　　　　　　　,7.0,28.6
2026-08-30,2026083001020404,4,デルマフジ　　　　　　　　　　　　　,1.0,3.8
2026-08-30,2026083001020404,5,イデアジュアンイハ　　　　　　　　　,12.0,358.1
2026-08-30,2026083001020404,6,ギオンバヤシ　　　　　　　　　　　　,9.0,3.8
2026-08-30,2026083001020404,7,ワダツミ　　　　　　　　　　　　　　,4.0,16.0
2026-08-30,2026083001020404,8,ネクストドア　　　　　　　　　　　　,16.0,31.4
2026-08-30,2026083001020404,9,コスモクラシック　　　　　　　　　　,10.0,7.0
2026-08-30,2026083001020404,10,メイショウライガ　　　　　　　　　　,15.0,6.6
2026-08-30,2026083001020404,11,アート　　　　　　　　　　　　　　　,5.0,26.3
2026-08-30,2026083001020404,12,カリドーラ　　　　　　　　　　　　　,6.0,16.0
2026-08-30,2026083001020404,13,ロックフラワー　　　　　　　　　　　,14.0,45.6
2026-08-30,2026083001020404,14,インテンスゲイズ　　　　　　　　　　,2.0,33.4
2026-08-30,2026083001020404,15,エイシンリーガル　　　　　　　　　　,3.0,52.9
2026-08-30,2026083001020404,16,メイショウローゼ　　　　　　　　　　,13.0,10.4
2026-08-30,2026083001020405,1,コスモノーチラス　　　　　　　　　　,7.0,16.6
2026-08-30,2026083001020405,2,アイアムイガイニモ　　　　　　　　　,8.0,28.7
2026-08-30,2026083001020405,3,ヴァンクライ　　　　　　　　　　　　,1.0,1.7
2026-08-30,2026083001020405,4,コーズウルルン　　　　　　　　　　　,4.0,57.2
2026-08-30,2026083001020405,5,トーセンイルン　　　　　　　　　　　,3.0,18.7
2026-08-30,2026083001020405,6,イルリサット　　　　　　　　　　　　,2.0,2.6
2026-08-30,2026083001020405,7,ゴルタン　　　　　　　　　　　　　　,6.0,45.9
2026-08-30,2026083001020405,8,トワイライトローズ　　　　　　　　　,5.0,8.7
2026-08-30,2026083001020406,1,クロミ　　　　　　　　　　　　　　　,12.0,127.1
2026-08-30,2026083001020406,2,ルージュリヴィエラ　　　　　　　　　,4.0,11.3
2026-08-30,2026083001020406,3,ライラックデューン　　　　　　　　　,6.0,25.4
2026-08-30,2026083001020406,4,サイモンイロハニー　　　　　　　　　,10.0,93.4
2026-08-30,2026083001020406,5,サマースプラッシュ　　　　　　　　　,8.0,371.6
2026-08-30,2026083001020406,6,デルマサクラサク　　　　　　　　　　,9.0,6.4
2026-08-30,2026083001020406,7,タイセイルビー　　　　　　　　　　　,7.0,9.0
2026-08-30,2026083001020406,8,ヤマヤロード　　　　　　　　　　　　,11.0,298.3
2026-08-30,2026083001020406,9,ウィンターガーデン　　　　　　　　　,5.0,24.3
2026-08-30,2026083001020406,10,ヴェールミューズ　　　　　　　　　　,3.0,6.0
2026-08-30,2026083001020406,11,スリーケイ　　　　　　　　　　　　　,1.0,6.1
2026-08-30,2026083001020406,12,ルージュボニート　　　　　　　　　　,2.0,2.1
2026-08-30,2026083001020407,1,ブライアーヒル　　　　　　　　　　　,12.0,136.1
2026-08-30,2026083001020407,2,カップッチョ　　　　　　　　　　　　,9.0,191.4
2026-08-30,2026083001020407,3,ヨドノゴールド　　　　　　　　　　　,5.0,4.0
2026-08-30,2026083001020407,4,アスコットアイ　　　　　　　　　　　,8.0,54.3
2026-08-30,2026083001020407,5,ラスベガスサイン　　　　　　　　　　,11.0,32.2
2026-08-30,2026083001020407,6,セイウンバジリスク　　　　　　　　　,7.0,6.1
2026-08-30,2026083001020407,7,ステラノヴァ　　　　　　　　　　　　,2.0,28.7
2026-08-30,2026083001020407,8,ワイドデコラシオン　　　　　　　　　,3.0,2.5
2026-08-30,2026083001020407,9,セイルロケット　　　　　　　　　　　,10.0,29.0
2026-08-30,2026083001020407,10,スパークルジョイ　　　　　　　　　　,4.0,41.1
2026-08-30,2026083001020407,11,プルミエールパス　　　　　　　　　　,1.0,4.2
2026-08-30,2026083001020407,12,メイショウハッブル　　　　　　　　　,6.0,18.5
2026-08-30,2026083001020408,1,ハネマン　　　　　　　　　　　　　　,14.0,235.9
2026-08-30,2026083001020408,2,メメボス　　　　　　　　　　　　　　,5.0,41.6
2026-08-30,2026083001020408,3,トリスティ　　　　　　　　　　　　　,13.0,47.9
2026-08-30,2026083001020408,4,クラウンアールシー　　　　　　　　　,7.0,68.7
2026-08-30,2026083001020408,5,ユーティジャーニー　　　　　　　　　,6.0,5.4
2026-08-30,2026083001020408,6,ファンクション　　　　　　　　　　　,3.0,3.4
2026-08-30,2026083001020408,7,テンユウ　　　　　　　　　　　　　　,8.0,12.0
2026-08-30,2026083001020408,8,トクシージェネラル　　　　　　　　　,12.0,118.8
2026-08-30,2026083001020408,9,メイショウホダワラ　　　　　　　　　,10.0,34.4
2026-08-30,2026083001020408,10,スタードメイソン　　　　　　　　　　,11.0,52.1
2026-08-30,2026083001020408,11,ドラリズム　　　　　　　　　　　　　,4.0,35.8
2026-08-30,2026083001020408,12,ネッタイヤライ　　　　　　　　　　　,1.0,2.9
2026-08-30,2026083001020408,13,シェーンルスカ　　　　　　　　　　　,9.0,278.6
2026-08-30,2026083001020408,14,ルクスアドラー　　　　　　　　　　　,2.0,4.8
2026-08-30,2026083001020409,1,マテンロウカナロア　　　　　　　　　,7.0,7.2
2026-08-30,2026083001020409,2,ウヌボレヤサン　　　　　　　　　　　,11.0,99.3
2026-08-30,2026083001020409,3,フクシマブリルハム　　　　　　　　　,8.0,13.8
2026-08-30,2026083001020409,4,ステラデルークス　　　　　　　　　　,6.0,6.5
2026-08-30,2026083001020409,5,ホウオウバローロ　　　　　　　　　　,3.0,14.4
2026-08-30,2026083001020409,6,デルマホダカ　　　　　　　　　　　　,4.0,79.9
2026-08-30,2026083001020409,7,イサギ　　　　　　　　　　　　　　　,10.0,13.2
2026-08-30,2026083001020409,8,サマーナイト　　　　　　　　　　　　,1.0,4.5
2026-08-30,2026083001020409,9,チェイサー　　　　　　　　　　　　　,5.0,4.4
2026-08-30,2026083001020409,10,ブリオメンテ　　　　　　　　　　　　,2.0,3.8
2026-08-30,2026083001020409,11,シックスパック　　　　　　　　　　　,9.0,74.3
2026-08-30,2026083001020410,1,カガラプンツェル　　　　　　　　　　,7.0,20.6
2026-08-30,2026083001020410,2,ショウナンカリス　　　　　　　　　　,15.0,19.8
2026-08-30,2026083001020410,3,バシレウスシチー　　　　　　　　　　,13.0,39.6
2026-08-30,2026083001020410,4,ルージュベルベット　　　　　　　　　,6.0,14.7
2026-08-30,2026083001020410,5,スイミーユニバンス　　　　　　　　　,3.0,39.1
2026-08-30,2026083001020410,6,コックオーヴァン　　　　　　　　　　,16.0,94.3
2026-08-30,2026083001020410,7,セイウンデセオ　　　　　　　　　　　,14.0,7.8
2026-08-30,2026083001020410,8,ムチャスグラシアス　　　　　　　　　,10.0,162.2
2026-08-30,2026083001020410,9,プレセピオ　　　　　　　　　　　　　,9.0,11.9
2026-08-30,2026083001020410,10,ララバニュルス　　　　　　　　　　　,4.0,8.4
2026-08-30,2026083001020410,11,ファビュラススター　　　　　　　　　,2.0,22.2
2026-08-30,2026083001020410,12,デンプシー　　　　　　　　　　　　　,5.0,3.6
2026-08-30,2026083001020410,13,フミサウンド　　　　　　　　　　　　,8.0,79.2
2026-08-30,2026083001020410,14,ホウオウブースター　　　　　　　　　,12.0,43.4
2026-08-30,2026083001020410,15,シーグルロス　　　　　　　　　　　　,11.0,16.3
2026-08-30,2026083001020410,16,サトノワーグナー　　　　　　　　　　,1.0,3.6
2026-08-30,2026083001020411,1,アンビバレント　　　　　　　　　　　,7.0,62.6
2026-08-30,2026083001020411,2,ワタシマツワ　　　　　　　　　　　　,1.0,17.9
2026-08-30,2026083001020411,3,マジックローズ　　　　　　　　　　　,12.0,5.7
2026-08-30,2026083001020411,4,エフォートレス　　　　　　　　　　　,3.0,8.5
2026-08-30,2026083001020411,5,リゾートアイランド　　　　　　　　　,4.0,21.2
2026-08-30,2026083001020411,6,エマヌエーレ　　　　　　　　　　　　,8.0,11.3
2026-08-30,2026083001020411,7,サクセスアイ　　　　　　　　　　　　,6.0,44.3
2026-08-30,2026083001020411,8,トラペジスト　　　　　　　　　　　　,11.0,125.9
2026-08-30,2026083001020411,9,ダノンミッション　　　　　　　　　　,5.0,6.7
2026-08-30,2026083001020411,10,エルマーゴ　　　　　　　　　　　　　,9.0,6.2
2026-08-30,2026083001020411,11,サンタアニタ　　　　　　　　　　　　,10.0,27.5
2026-08-30,2026083001020411,12,パワーホール　　　　　　　　　　　　,13.0,14.5
2026-08-30,2026083001020411,13,モンドデラモーレ　　　　　　　　　　,2.0,4.1
2026-08-30,2026083001020411,14,マテンロウサン　　　　　　　　　　　,14.0,14.5
2026-08-30,2026083001020412,1,ノリマル　　　　　　　　　　　　　　,7.0,5.1
2026-08-30,2026083001020412,2,ハバタクジユウニ　　　　　　　　　　,12.0,283.2
2026-08-30,2026083001020412,3,モルビド　　　　　　　　　　　　　　,10.0,36.4
2026-08-30,2026083001020412,4,クオンタムスター　　　　　　　　　　,9.0,2.1
2026-08-30,2026083001020412,5,ディーリライズ　　　　　　　　　　　,3.0,9.9
2026-08-30,2026083001020412,6,ミッドタウンナイト　　　　　　　　　,5.0,168.3
2026-08-30,2026083001020412,7,ニューアライブ　　　　　　　　　　　,13.0,297.5
2026-08-30,2026083001020412,8,タビニュ　　　　　　　　　　　　　　,11.0,62.6
2026-08-30,2026083001020412,9,シーンオブドリーム　　　　　　　　　,14.0,136.3
2026-08-30,2026083001020412,10,ワンダフルデイズ　　　　　　　　　　,2.0,6.5
2026-08-30,2026083001020412,11,ディベルティスマン　　　　　　　　　,4.0,16.5
2026-08-30,2026083001020412,12,テイクザクラウン　　　　　　　　　　,6.0,57.1
2026-08-30,2026083001020412,13,タケルフォーカス　　　　　　　　　　,1.0,11.1
2026-08-30,2026083001020412,14,ドンテスタマスター　　　　　　　　　,8.0,8.9
2026-08-30,2026083004030401,1,フレイムジョーカー　　　　　　　　　,8.0,39.4
2026-08-30,2026083004030401,2,ニシノインヴィクタ　　　　　　　　　,,
2026-08-30,2026083004030401,3,ニシノクードクール　　　　　　　　　,12.0,53.1
2026-08-30,2026083004030401,4,メイショウブレゲ　　　　　　　　　　,7.0,18.3
2026-08-30,2026083004030401,5,マルディランダ　　　　　　　　　　　,4.0,2.5
2026-08-30,2026083004030401,6,エポカスピーガ　　　　　　　　　　　,3.0,43.5
2026-08-30,2026083004030401,7,バトンロード　　　　　　　　　　　　,10.0,255.3
2026-08-30,2026083004030401,8,ブラックシールド　　　　　　　　　　,6.0,6.9
2026-08-30,2026083004030401,9,オーサムストローク　　　　　　　　　,1.0,5.6
2026-08-30,2026083004030401,10,ヨシノヤッタルデー　　　　　　　　　,9.0,159.5
2026-08-30,2026083004030401,11,トラマンダーレ　　　　　　　　　　　,5.0,14.9
2026-08-30,2026083004030401,12,スノーリン　　　　　　　　　　　　　,11.0,283.7
2026-08-30,2026083004030401,13,ゴールデンステップ　　　　　　　　　,2.0,2.9
2026-08-30,2026083004030402,1,ゴールドバーニング　　　　　　　　　,9.0,75.5
2026-08-30,2026083004030402,2,ゴルトシェーン　　　　　　　　　　　,6.0,12.4
2026-08-30,2026083004030402,3,ウラノグラフィア　　　　　　　　　　,1.0,2.5
2026-08-30,2026083004030402,4,マイトレーヤー　　　　　　　　　　　,10.0,18.3
2026-08-30,2026083004030402,5,ミシェルバローズ　　　　　　　　　　,,5.7
2026-08-30,2026083004030402,6,ニシノマキロイ　　　　　　　　　　　,8.0,59.0
2026-08-30,2026083004030402,7,ピーエムリンダ　　　　　　　　　　　,11.0,25.5
2026-08-30,2026083004030402,8,ウィザードシチー　　　　　　　　　　,5.0,80.0
2026-08-30,2026083004030402,9,レッドマウロア　　　　　　　　　　　,2.0,3.2
2026-08-30,2026083004030402,10,スタレネルヴェント　　　　　　　　　,3.0,70.6
2026-08-30,2026083004030402,11,ギガントシュラーク　　　　　　　　　,7.0,166.2
2026-08-30,2026083004030402,12,エコロゲラン　　　　　　　　　　　　,12.0,22.8
2026-08-30,2026083004030402,13,タイセイリッター　　　　　　　　　　,4.0,10.9
2026-08-30,2026083004030403,1,ケイジャーダ　　　　　　　　　　　　,7.0,99.3
2026-08-30,2026083004030403,2,ニシノリリックス　　　　　　　　　　,1.0,61.7
2026-08-30,2026083004030403,3,イカルステソーロ　　　　　　　　　　,6.0,3.5
2026-08-30,2026083004030403,4,タイセイソアリング　　　　　　　　　,5.0,4.1
2026-08-30,2026083004030403,5,エクスマキナ　　　　　　　　　　　　,2.0,2.4
2026-08-30,2026083004030403,6,ウイニングレイ　　　　　　　　　　　,3.0,4.5
2026-08-30,2026083004030403,7,ハンデンブレイズ　　　　　　　　　　,4.0,14.9
2026-08-30,2026083004030403,8,ルークスイテルム　　　　　　　　　　,8.0,191.7
2026-08-30,2026083004030404,1,ヒズストーリー　　　　　　　　　　　,8.0,130.5
2026-08-30,2026083004030404,2,チェスティーノ　　　　　　　　　　　,1.0,1.7
2026-08-30,2026083004030404,3,ガヤーズサムライ　　　　　　　　　　,6.0,39.9
2026-08-30,2026083004030404,4,キャッチアップ　　　　　　　　　　　,11.0,65.4
2026-08-30,2026083004030404,5,オオルリ　　　　　　　　　　　　　　,7.0,132.8
2026-08-30,2026083004030404,6,ペントザリス　　　　　　　　　　　　,2.0,4.6
2026-08-30,2026083004030404,7,マイネルウルカヌス　　　　　　　　　,9.0,78.5
2026-08-30,2026083004030404,8,ダディーズレガリア　　　　　　　　　,4.0,8.0
2026-08-30,2026083004030404,9,テキサス　　　　　　　　　　　　　　,3.0,6.9
2026-08-30,2026083004030404,10,リアスハート　　　　　　　　　　　　,10.0,9.1
2026-08-30,2026083004030404,11,ライヴテキーラ　　　　　　　　　　　,5.0,95.1
2026-08-30,2026083004030405,1,セリエンクーニゲン　　　　　　　　　,7.0,6.9
2026-08-30,2026083004030405,2,チョコブラウニー　　　　　　　　　　,16.0,258.3
2026-08-30,2026083004030405,3,ゴッドレイ　　　　　　　　　　　　　,6.0,16.1
2026-08-30,2026083004030405,4,ステキサプライズ　　　　　　　　　　,1.0,27.4
2026-08-30,2026083004030405,5,エナノムスメ　　　　　　　　　　　　,12.0,175.3
2026-08-30,2026083004030405,6,ラウンドヒル　　　　　　　　　　　　,13.0,32.0
2026-08-30,2026083004030405,7,エフティヴェント　　　　　　　　　　,15.0,273.1
2026-08-30,2026083004030405,8,カラーオブサクセス　　　　　　　　　,11.0,83.1
2026-08-30,2026083004030405,9,アリアス　　　　　　　　　　　　　　,2.0,13.7
2026-08-30,2026083004030405,10,ソルティアーラ　　　　　　　　　　　,10.0,50.0
2026-08-30,2026083004030405,11,オンナキュヌヴィ　　　　　　　　　　,3.0,5.0
2026-08-30,2026083004030405,12,ネオアンボウ　　　　　　　　　　　　,17.0,86.3
2026-08-30,2026083004030405,13,ウインテラジーナ　　　　　　　　　　,8.0,5.6
2026-08-30,2026083004030405,14,ワインレッドハート　　　　　　　　　,18.0,152.0
2026-08-30,2026083004030405,15,ルディドゥゲンジ　　　　　　　　　　,14.0,167.3
2026-08-30,2026083004030405,16,ペルウィクトール　　　　　　　　　　,5.0,2.5
2026-08-30,2026083004030405,17,エイシンイクサボシ　　　　　　　　　,9.0,38.8
2026-08-30,2026083004030405,18,ミクロスギガース　　　　　　　　　　,4.0,27.5
2026-08-30,2026083004030406,1,ピコシー　　　　　　　　　　　　　　,5.0,52.8
2026-08-30,2026083004030406,2,ビービーアジャイル　　　　　　　　　,1.0,1.9
2026-08-30,2026083004030406,3,オクトーバーナイン　　　　　　　　　,13.0,5.4
2026-08-30,2026083004030406,4,ニシノケンタマン　　　　　　　　　　,9.0,8.3
2026-08-30,2026083004030406,5,コパノエビータ　　　　　　　　　　　,10.0,335.6
2026-08-30,2026083004030406,6,アルベリック　　　　　　　　　　　　,11.0,76.0
2026-08-30,2026083004030406,7,トゥーザムーン　　　　　　　　　　　,2.0,24.8
2026-08-30,2026083004030406,8,スターシップ　　　　　　　　　　　　,7.0,7.2
2026-08-30,2026083004030406,9,ヴァイヴァーイ　　　　　　　　　　　,3.0,15.1
2026-08-30,2026083004030406,10,フラッシング　　　　　　　　　　　　,8.0,136.4
2026-08-30,2026083004030406,11,ジェーケーボンバー　　　　　　　　　,6.0,146.4
2026-08-30,2026083004030406,12,マハナ　　　　　　　　　　　　　　　,14.0,208.4
2026-08-30,2026083004030406,13,クロドラバール　　　　　　　　　　　,4.0,180.5
2026-08-30,2026083004030406,14,コスモコンフェルマ　　　　　　　　　,12.0,8.2
2026-08-30,2026083004030406,15,ノルドヴェスト　　　　　　　　　　　,15.0,78.3
2026-08-30,2026083004030407,1,シャドウメテオ　　　　　　　　　　　,1.0,9.0
2026-08-30,2026083004030407,2,ウインデイジー　　　　　　　　　　　,2.0,32.3
2026-08-30,2026083004030407,3,チャリングクロス　　　　　　　　　　,7.0,3.5
2026-08-30,2026083004030407,4,シュバルツマサムネ　　　　　　　　　,12.0,46.0
2026-08-30,2026083004030407,5,サダムオプシス　　　　　　　　　　　,4.0,4.4
2026-08-30,2026083004030407,6,ナムラフッカー　　　　　　　　　　　,11.0,88.7
2026-08-30,2026083004030407,7,オストラヴァ　　　　　　　　　　　　,3.0,3.6
2026-08-30,2026083004030407,8,ベンサレム　　　　　　　　　　　　　,5.0,14.9
2026-08-30,2026083004030407,9,タイセイフェリーク　　　　　　　　　,8.0,62.5
2026-08-30,2026083004030407,10,サトノパトリオット　　　　　　　　　,6.0,5.1
2026-08-30,2026083004030407,11,リンフレスカンテ　　　　　　　　　　,9.0,133.1
2026-08-30,2026083004030407,12,クリニクラウン　　　　　　　　　　　,10.0,67.3
2026-08-30,2026083004030408,1,ボーンディスウェイ　　　　　　　　　,7.0,85.1
2026-08-30,2026083004030408,2,サヴォーナ　　　　　　　　　　　　　,4.0,26.5
2026-08-30,2026083004030408,3,ロデオドライブ　　　　　　　　　　　,2.0,3.7
2026-08-30,2026083004030408,4,ドゥレッツァ　　　　　　　　　　　　,6.0,9.2
2026-08-30,2026083004030408,5,ゾロアストロ　　　　　　　　　　　　,1.0,3.5
2026-08-30,2026083004030408,6,チェルヴィニア　　　　　　　　　　　,8.0,15.5
2026-08-30,2026083004030408,7,ジュンブロッサム　　　　　　　　　　,9.0,60.5
2026-08-30,2026083004030408,8,ダノンシーマ　　　　　　　　　　　　,3.0,3.2
2026-08-30,2026083004030408,9,アーバンシック　　　　　　　　　　　,5.0,18.4
2026-08-30,2026083004030408,10,バレエマスター　　　　　　　　　　　,10.0,36.9
2026-08-30,2026083004030408,11,ステレンボッシュ　　　　　　　　　　,11.0,13.3
2026-08-30,2026083004030409,1,カレンデュラ　　　　　　　　　　　　,9.0,13.5
2026-08-30,2026083004030409,2,サトノアルペジオ　　　　　　　　　　,16.0,150.2
2026-08-30,2026083004030409,3,ゼンダンタカ　　　　　　　　　　　　,12.0,72.4
2026-08-30,2026083004030409,4,フレッシュラン　　　　　　　　　　　,15.0,326.9
2026-08-30,2026083004030409,5,ファイツオン　　　　　　　　　　　　,7.0,34.0
2026-08-30,2026083004030409,6,エリカカリーナ　　　　　　　　　　　,18.0,42.9
2026-08-30,2026083004030409,7,リュウノタブーク　　　　　　　　　　,11.0,249.2
2026-08-30,2026083004030409,8,ハニーローリエ　　　　　　　　　　　,14.0,3.2
2026-08-30,2026083004030409,9,バンディート　　　　　　　　　　　　,8.0,57.8
2026-08-30,2026083004030409,10,キントラダンサー　　　　　　　　　　,13.0,107.5
2026-08-30,2026083004030409,11,ビップムーラン　　　　　　　　　　　,3.0,7.7
2026-08-30,2026083004030409,12,レジーナローズ　　　　　　　　　　　,4.0,12.8
2026-08-30,2026083004030409,13,ビーアイフォルテ　　　　　　　　　　,17.0,53.9
2026-08-30,2026083004030409,14,ケンキョ　　　　　　　　　　　　　　,10.0,114.5
2026-08-30,2026083004030409,15,ミスエル　　　　　　　　　　　　　　,6.0,23.1
2026-08-30,2026083004030409,16,スペルキャスター　　　　　　　　　　,5.0,8.3
2026-08-30,2026083004030409,17,ラトルシェ　　　　　　　　　　　　　,2.0,36.0
2026-08-30,2026083004030409,18,ヴェントゥーラ　　　　　　　　　　　,1.0,2.9
2026-08-30,2026083004030410,1,カーボフリオ　　　　　　　　　　　　,5.0,11.8
2026-08-30,2026083004030410,2,ソナタムーンライト　　　　　　　　　,11.0,134.0
2026-08-30,2026083004030410,3,アーティキュレート　　　　　　　　　,8.0,38.2
2026-08-30,2026083004030410,4,パワポケウォーズ　　　　　　　　　　,3.0,27.4
2026-08-30,2026083004030410,5,クライングナウ　　　　　　　　　　　,1.0,6.1
2026-08-30,2026083004030410,6,ロジキセキ　　　　　　　　　　　　　,6.0,3.5
2026-08-30,2026083004030410,7,カノープス　　　　　　　　　　　　　,4.0,81.4
2026-08-30,2026083004030410,8,ザンテソーロ　　　　　　　　　　　　,7.0,19.5
2026-08-30,2026083004030410,9,ウモラダエピカ　　　　　　　　　　　,14.0,13.0
2026-08-30,2026083004030410,10,サングラント　　　　　　　　　　　　,2.0,2.2
2026-08-30,2026083004030410,11,ヴァルク　　　　　　　　　　　　　　,12.0,270.6
2026-08-30,2026083004030410,12,サンタピア　　　　　　　　　　　　　,10.0,25.2
2026-08-30,2026083004030410,13,エイシンキーウィ　　　　　　　　　　,13.0,80.0
2026-08-30,2026083004030410,14,マジギレカレン　　　　　　　　　　　,15.0,85.2
2026-08-30,2026083004030410,15,カフェプラウド　　　　　　　　　　　,9.0,319.6
2026-08-30,2026083004030411,1,ブルバンビーナ　　　　　　　　　　　,11.0,174.6
2026-08-30,2026083004030411,2,シアブリス　　　　　　　　　　　　　,4.0,10.3
2026-08-30,2026083004030411,3,スカイダンスタイム　　　　　　　　　,12.0,459.3
2026-08-30,2026083004030411,4,ナックホワイト　　　　　　　　　　　,10.0,14.6
2026-08-30,2026083004030411,5,カンティーナ　　　　　　　　　　　　,13.0,14.4
2026-08-30,2026083004030411,6,ニシノコマチムスメ　　　　　　　　　,5.0,34.2
2026-08-30,2026083004030411,7,ハニーオーケストラ　　　　　　　　　,8.0,110.8
2026-08-30,2026083004030411,8,ダーリングハースト　　　　　　　　　,2.0,3.2
2026-08-30,2026083004030411,9,ケイツールピア　　　　　　　　　　　,6.0,162.2
2026-08-30,2026083004030411,10,タッセルノット　　　　　　　　　　　,1.0,2.3
2026-08-30,2026083004030411,11,シェーンシュティア　　　　　　　　　,3.0,7.1
2026-08-30,2026083004030411,12,ヴァリスマリネリス　　　　　　　　　,7.0,12.8
2026-08-30,2026083004030411,13,ココソラーレ　　　　　　　　　　　　,9.0,121.7
2026-08-30,2026083004030411,14,アオイハルカ　　　　　　　　　　　　,,
2026-08-30,2026083004030412,1,ガルディーノ　　　　　　　　　　　　,4.0,14.1
2026-08-30,2026083004030412,2,アイファージェット　　　　　　　　　,15.0,363.3
2026-08-30,2026083004030412,3,スリーコーズ　　　　　　　　　　　　,7.0,8.4
2026-08-30,2026083004030412,4,エテオクロス　　　　　　　　　　　　,5.0,28.1
2026-08-30,2026083004030412,5,ゴーゴーパンチ　　　　　　　　　　　,6.0,14.7
2026-08-30,2026083004030412,6,ジャックナダル　　　　　　　　　　　,1.0,2.5
2026-08-30,2026083004030412,7,クラウンフリード　　　　　　　　　　,10.0,523.2
2026-08-30,2026083004030412,8,サトノエスケープ　　　　　　　　　　,2.0,3.0
2026-08-30,2026083004030412,9,スマートブル　　　　　　　　　　　　,9.0,84.2
2026-08-30,2026083004030412,10,ガンバレベアー　　　　　　　　　　　,8.0,90.9
2026-08-30,2026083004030412,11,マルターズドン　　　　　　　　　　　,12.0,37.4
2026-08-30,2026083004030412,12,ナインオブレター　　　　　　　　　　,11.0,53.3
2026-08-30,2026083004030412,13,コンパクトファイト　　　　　　　　　,14.0,172.7
2026-08-30,2026083004030412,14,ラベンダーヘイズ　　　　　　　　　　,3.0,6.3
2026-08-30,2026083004030412,15,ジェイエルライナー　　　　　　　　　,13.0,388.3
2026-08-30,2026083007030401,1,ビップルーチェ　　　　　　　　　　　,9.0,53.4
2026-08-30,2026083007030401,2,ナポリ　　　　　　　　　　　　　　　,6.0,96.0
2026-08-30,2026083007030401,3,スピーディスピン　　　　　　　　　　,7.0,6.9
2026-08-30,2026083007030401,4,コジアン　　　　　　　　　　　　　　,3.0,10.9
2026-08-30,2026083007030401,5,コスモルミナ　　　　　　　　　　　　,2.0,7.5
2026-08-30,2026083007030401,6,ダイメイアゲイン　　　　　　　　　　,8.0,246.4
2026-08-30,2026083007030401,7,ロンリーマン　　　　　　　　　　　　,4.0,28.1
2026-08-30,2026083007030401,8,ヴィヴェローネ　　　　　　　　　　　,1.0,1.5
2026-08-30,2026083007030401,9,スターオブザイヤー　　　　　　　　　,5.0,5.5
2026-08-30,2026083007030401,10,ヤマトデュノール　　　　　　　　　　,10.0,492.6
2026-08-30,2026083007030402,1,サトノボルテクス　　　　　　　　　　,6.0,24.0
2026-08-30,2026083007030402,2,シーラーステート　　　　　　　　　　,5.0,2.4
2026-08-30,2026083007030402,3,ベラジオセブン　　　　　　　　　　　,9.0,57.4
2026-08-30,2026083007030402,4,コスモクラウン　　　　　　　　　　　,8.0,2.6
2026-08-30,2026083007030402,5,シャトンダンス　　　　　　　　　　　,4.0,23.7
2026-08-30,2026083007030402,6,ナイトインチュニス　　　　　　　　　,3.0,6.5
2026-08-30,2026083007030402,7,ラガッタレアーレ　　　　　　　　　　,2.0,12.1
2026-08-30,2026083007030402,8,メイショウセイクウ　　　　　　　　　,1.0,15.7
2026-08-30,2026083007030402,9,メイショウスパーク　　　　　　　　　,7.0,67.6
2026-08-30,2026083007030402,10,カフジポポー　　　　　　　　　　　　,10.0,24.2
2026-08-30,2026083007030403,1,サイモンジェセル　　　　　　　　　　,5.0,58.6
2026-08-30,2026083007030403,2,ブレイズフォート　　　　　　　　　　,9.0,3.9
2026-08-30,2026083007030403,3,ジェントル　　　　　　　　　　　　　,10.0,17.6
2026-08-30,2026083007030403,4,ポカポカヨウキ　　　　　　　　　　　,3.0,4.1
2026-08-30,2026083007030403,5,コルキス　　　　　　　　　　　　　　,11.0,7.1
2026-08-30,2026083007030403,6,アモロロプーロ　　　　　　　　　　　,6.0,53.7
2026-08-30,2026083007030403,7,ゴーイントゥノヴァ　　　　　　　　　,1.0,5.8
2026-08-30,2026083007030403,8,エーテルワーム　　　　　　　　　　　,7.0,7.9
2026-08-30,2026083007030403,9,ロードフローリス　　　　　　　　　　,4.0,7.2
2026-08-30,2026083007030403,10,ルクスアルカード　　　　　　　　　　,2.0,12.2
2026-08-30,2026083007030403,11,ワンダーラヴグッド　　　　　　　　　,8.0,138.3
2026-08-30,2026083007030404,1,キングズテイル　　　　　　　　　　　,7.0,4.7
2026-08-30,2026083007030404,2,プペアンビスキュイ　　　　　　　　　,2.0,12.9
2026-08-30,2026083007030404,3,オーロラボレアリス　　　　　　　　　,15.0,21.6
2026-08-30,2026083007030404,4,カツラコマチ　　　　　　　　　　　　,13.0,218.3
2026-08-30,2026083007030404,5,ハツアカネ　　　　　　　　　　　　　,6.0,75.8
2026-08-30,2026083007030404,6,グランブリーゼ　　　　　　　　　　　,14.0,404.3
2026-08-30,2026083007030404,7,セッシュウ　　　　　　　　　　　　　,1.0,1.5
2026-08-30,2026083007030404,8,メイショウヒタカミ　　　　　　　　　,4.0,20.9
2026-08-30,2026083007030404,9,デュードロップ　　　　　　　　　　　,11.0,71.4
2026-08-30,2026083007030404,10,ラッキーヴォーグ　　　　　　　　　　,3.0,13.5
2026-08-30,2026083007030404,11,メイショウドキョウ　　　　　　　　　,8.0,278.7
2026-08-30,2026083007030404,12,サウンドヴィヴァン　　　　　　　　　,16.0,133.8
2026-08-30,2026083007030404,13,サカトクフェイス　　　　　　　　　　,5.0,100.1
2026-08-30,2026083007030404,14,ウェンロック　　　　　　　　　　　　,10.0,15.7
2026-08-30,2026083007030404,15,サンロンブル　　　　　　　　　　　　,9.0,81.3
2026-08-30,2026083007030404,16,メイショウケンゴウ　　　　　　　　　,12.0,149.6
2026-08-30,2026083007030405,1,マジックブルー　　　　　　　　　　　,10.0,112.6
2026-08-30,2026083007030405,2,スコーピオンイメル　　　　　　　　　,11.0,55.5
2026-08-30,2026083007030405,3,ブームバップビート　　　　　　　　　,4.0,2.3
2026-08-30,2026083007030405,4,クラックショット　　　　　　　　　　,6.0,12.1
2026-08-30,2026083007030405,5,タリスマン　　　　　　　　　　　　　,9.0,18.5
2026-08-30,2026083007030405,6,オーレアミスト　　　　　　　　　　　,7.0,43.2
2026-08-30,2026083007030405,7,トワイライトサイト　　　　　　　　　,12.0,109.6
2026-08-30,2026083007030405,8,ビービーバザーク　　　　　　　　　　,5.0,14.5
2026-08-30,2026083007030405,9,メイショウマドロス　　　　　　　　　,8.0,5.4
2026-08-30,2026083007030405,10,アトモス　　　　　　　　　　　　　　,1.0,3.4
2026-08-30,2026083007030405,11,ステイクオール　　　　　　　　　　　,3.0,12.3
2026-08-30,2026083007030405,12,ルシタニア　　　　　　　　　　　　　,2.0,135.2
2026-08-30,2026083007030405,13,シンギタイ　　　　　　　　　　　　　,13.0,235.1
2026-08-30,2026083007030406,1,サンセットブライト　　　　　　　　　,14.0,346.9
2026-08-30,2026083007030406,2,ペンナヴェローチェ　　　　　　　　　,6.0,20.5
2026-08-30,2026083007030406,3,ダンツシタン　　　　　　　　　　　　,2.0,12.9
2026-08-30,2026083007030406,4,ビップスコーピオン　　　　　　　　　,16.0,115.9
2026-08-30,2026083007030406,5,シャルクハフト　　　　　　　　　　　,5.0,201.9
2026-08-30,2026083007030406,6,ビービークローサー　　　　　　　　　,1.0,1.3
2026-08-30,2026083007030406,7,タイセイカイザー　　　　　　　　　　,11.0,38.5
2026-08-30,2026083007030406,8,インザモーメント　　　　　　　　　　,7.0,42.7
2026-08-30,2026083007030406,9,リューデスハイム　　　　　　　　　　,9.0,16.7
2026-08-30,2026083007030406,10,インジケーター　　　　　　　　　　　,10.0,139.1
2026-08-30,2026083007030406,11,フームスムート　　　　　　　　　　　,15.0,409.0
2026-08-30,2026083007030406,12,クァンタムウェーブ　　　　　　　　　,13.0,23.0
2026-08-30,2026083007030406,13,メイショウシナノ　　　　　　　　　　,12.0,49.3
2026-08-30,2026083007030406,14,レヴァンテシチー　　　　　　　　　　,3.0,20.7
2026-08-30,2026083007030406,15,キーチパルフェ　　　　　　　　　　　,8.0,23.1
2026-08-30,2026083007030406,16,ゴッドエスパーダ　　　　　　　　　　,4.0,8.7
2026-08-30,2026083007030407,1,ピコキング　　　　　　　　　　　　　,8.0,137.8
2026-08-30,2026083007030407,2,バクソウシャチョウ　　　　　　　　　,6.0,17.4
2026-08-30,2026083007030407,3,サンタンジェロ　　　　　　　　　　　,5.0,5.4
2026-08-30,2026083007030407,4,シスキンブルーム　　　　　　　　　　,2.0,9.7
2026-08-30,2026083007030407,5,マルモリムソウ　　　　　　　　　　　,7.0,19.0
2026-08-30,2026083007030407,6,ジャスパートレノ　　　　　　　　　　,4.0,34.4
2026-08-30,2026083007030407,7,ビスケットサンド　　　　　　　　　　,3.0,4.0
2026-08-30,2026083007030407,8,ピコジャック　　　　　　　　　　　　,9.0,151.7
2026-08-30,2026083007030407,9,ジーティーマイカ　　　　　　　　　　,1.0,1.7
2026-08-30,2026083007030408,1,ブレットパス　　　　　　　　　　　　,7.0,3.5
2026-08-30,2026083007030408,2,サガルマータ　　　　　　　　　　　　,10.0,3.7
2026-08-30,2026083007030408,3,ノチェセラーダ　　　　　　　　　　　,2.0,9.7
2026-08-30,2026083007030408,4,ショウナンハウル　　　　　　　　　　,15.0,309.2
2026-08-30,2026083007030408,5,ソルパッサーレ　　　　　　　　　　　,6.0,7.0
2026-08-30,2026083007030408,6,ニュークレド　　　　　　　　　　　　,9.0,22.2
2026-08-30,2026083007030408,7,カフジエメンタール　　　　　　　　　,1.0,6.2
2026-08-30,2026083007030408,8,ヤマニンループ　　　　　　　　　　　,3.0,152.4
2026-08-30,2026083007030408,9,ジェットブレード　　　　　　　　　　,4.0,200.4
2026-08-30,2026083007030408,10,シャドウマスター　　　　　　　　　　,14.0,19.0
2026-08-30,2026083007030408,11,ビップチェイス　　　　　　　　　　　,13.0,110.6
2026-08-30,2026083007030408,12,スイートオレンジ　　　　　　　　　　,5.0,28.8
2026-08-30,2026083007030408,13,オルトパラティウム　　　　　　　　　,11.0,37.9
2026-08-30,2026083007030408,14,ジュンライデン　　　　　　　　　　　,8.0,55.0
2026-08-30,2026083007030408,15,メイショウナルカミ　　　　　　　　　,12.0,10.2
2026-08-30,2026083007030409,1,ベリベリハッピー　　　　　　　　　　,12.0,193.2
2026-08-30,2026083007030409,2,スプレンドーレ　　　　　　　　　　　,15.0,90.1
2026-08-30,2026083007030409,3,キミガスキダ　　　　　　　　　　　　,2.0,7.3
2026-08-30,2026083007030409,4,オーブフレッシュ　　　　　　　　　　,10.0,15.2
2026-08-30,2026083007030409,5,タマモパルファン　　　　　　　　　　,14.0,106.5
2026-08-30,2026083007030409,6,タガノアルテミス　　　　　　　　　　,4.0,4.9
2026-08-30,2026083007030409,7,ダノンプレリュード　　　　　　　　　,9.0,36.6
2026-08-30,2026083007030409,8,アンヌグロース　　　　　　　　　　　,13.0,106.5
2026-08-30,2026083007030409,9,スマイルガーデン　　　　　　　　　　,3.0,32.8
2026-08-30,2026083007030409,10,アキノビューティー　　　　　　　　　,1.0,2.8
2026-08-30,2026083007030409,11,スマートエトワール　　　　　　　　　,11.0,21.2
2026-08-30,2026083007030409,12,ローズラフィネ　　　　　　　　　　　,5.0,4.6
2026-08-30,2026083007030409,13,バトルセレーネ　　　　　　　　　　　,8.0,28.8
2026-08-30,2026083007030409,14,レウコテア　　　　　　　　　　　　　,6.0,23.3
2026-08-30,2026083007030409,15,ラミアスペランツァ　　　　　　　　　,7.0,16.0
2026-08-30,2026083007030410,1,リアルセンター　　　　　　　　　　　,3.0,47.1
2026-08-30,2026083007030410,2,エテルノレガーメ　　　　　　　　　　,2.0,5.2
2026-08-30,2026083007030410,3,サイモンノーブル　　　　　　　　　　,6.0,109.0
2026-08-30,2026083007030410,4,バーバラップ　　　　　　　　　　　　,10.0,42.0
2026-08-30,2026083007030410,5,バークシャーシチー　　　　　　　　　,7.0,7.9
2026-08-30,2026083007030410,6,レッドヴァリアート　　　　　　　　　,1.0,6.0
2026-08-30,2026083007030410,7,シュエットアムール　　　　　　　　　,9.0,285.1
2026-08-30,2026083007030410,8,ゼンノインヴォーク　　　　　　　　　,4.0,4.1
2026-08-30,2026083007030410,9,ロードメルヴェイユ　　　　　　　　　,8.0,14.2
2026-08-30,2026083007030410,10,ロードスタニング　　　　　　　　　　,5.0,2.4
2026-08-30,2026083007030411,1,プリモマーレ　　　　　　　　　　　　,16.0,22.1
2026-08-30,2026083007030411,2,トウカイジーク　　　　　　　　　　　,6.0,20.6
2026-08-30,2026083007030411,3,シャンデリュイーズ　　　　　　　　　,12.0,107.5
2026-08-30,2026083007030411,4,メイショウトライオ　　　　　　　　　,17.0,248.2
2026-08-30,2026083007030411,5,バルフルール　　　　　　　　　　　　,4.0,11.7
2026-08-30,2026083007030411,6,ルーセントムーン　　　　　　　　　　,10.0,111.7
2026-08-30,2026083007030411,7,ハピネスサンライズ　　　　　　　　　,3.0,11.1
2026-08-30,2026083007030411,8,スイートポメロ　　　　　　　　　　　,15.0,64.3
2026-08-30,2026083007030411,9,デルニエジョイ　　　　　　　　　　　,8.0,25.6
2026-08-30,2026083007030411,10,プリュスエクラ　　　　　　　　　　　,18.0,25.6
2026-08-30,2026083007030411,11,リントゥラウル　　　　　　　　　　　,5.0,10.3
2026-08-30,2026083007030411,12,ナデシコザクラ　　　　　　　　　　　,11.0,110.9
2026-08-30,2026083007030411,13,パトローナス　　　　　　　　　　　　,2.0,7.1
2026-08-30,2026083007030411,14,モカプウイング　　　　　　　　　　　,9.0,38.7
2026-08-30,2026083007030411,15,ミッキーラヴィータ　　　　　　　　　,7.0,3.9
2026-08-30,2026083007030411,16,ボールドペイト　　　　　　　　　　　,13.0,133.2
2026-08-30,2026083007030411,17,カルロット　　　　　　　　　　　　　,1.0,6.2
2026-08-30,2026083007030411,18,エコロディアン　　　　　　　　　　　,14.0,5.7
2026-08-30,2026083007030412,1,ヴォンドゥ　　　　　　　　　　　　　,3.0,14.6
2026-08-30,2026083007030412,2,オンザノアール　　　　　　　　　　　,10.0,13.5
2026-08-30,2026083007030412,3,アーガイルショア　　　　　　　　　　,4.0,12.2
2026-08-30,2026083007030412,4,サヨノパララックス　　　　　　　　　,5.0,152.2
2026-08-30,2026083007030412,5,モノノケ　　　　　　　　　　　　　　,13.0,107.3
2026-08-30,2026083007030412,6,ダノンステート　　　　　　　　　　　,1.0,19.8
2026-08-30,2026083007030412,7,ミスヘンリー　　　　　　　　　　　　,6.0,90.0
2026-08-30,2026083007030412,8,レジェンダリーデイ　　　　　　　　　,12.0,81.3
2026-08-30,2026083007030412,9,メラヴィリオーザ　　　　　　　　　　,7.0,226.8
2026-08-30,2026083007030412,10,グラスゴー　　　　　　　　　　　　　,9.0,30.9
2026-08-30,2026083007030412,11,ヒルノプーリア　　　　　　　　　　　,2.0,1.8
2026-08-30,2026083007030412,12,ラヴネヴァーダイズ　　　　　　　　　,11.0,3.3
2026-08-30,2026083007030412,13,タイセイブロウ　　　　　　　　　　　,8.0,21.0
2026-08-30,2026083007030412,14,パワポケビー　　　　　　　　　　　　,14.0,319.3
